2026-08-31 10:05:06,954 [INFO] [NOTIFICACIÓN] ✅ ASFI Monitor - Prueba OK: Las notificaciones funcionan correctamente. El monitor está listo.
2026-08-31 10:05:07,090 [INFO] [NOTIFICACIÓN] 🔴 ASFI Monitor - Prueba de ERROR: D007 IF - Diario Operaciones Interbancarias
Fecha: 2026-08-28 | Diferencia: 744 bytes
Revisar reporte urgente.
2026-08-31 10:05:25,772 [INFO] [NOTIFICACIÓN] ✅ ASFI Monitor - Prueba OK: Las notificaciones funcionan correctamente. El monitor está listo.
2026-08-31 10:05:25,829 [INFO] [NOTIFICACIÓN] 🔴 ASFI Monitor - Prueba de ERROR: D007 IF - Diario Operaciones Interbancarias
Fecha: 2026-08-28 | Diferencia: 744 bytes
Revisar reporte urgente.
2026-08-31 10:26:42,605 [INFO] ============================================================
2026-08-31 10:26:42,605 [INFO] ASFI SCIP Monitor iniciado
2026-08-31 10:26:42,605 [INFO]   Usuario  : thomas.clavijo@comarapa.coop
2026-08-31 10:26:42,605 [INFO]   Intervalo: 15 minutos
2026-08-31 10:26:42,606 [INFO]   Headless : False
2026-08-31 10:26:42,606 [INFO]   Días atrás: 1
2026-08-31 10:26:42,606 [INFO] ============================================================
2026-08-31 10:26:42,848 [INFO] ============================================================
2026-08-31 10:26:42,848 [INFO] Iniciando revisión: 2026-08-31 10:26:42
2026-08-31 10:26:42,849 [INFO] Fecha a consultar: 30/8/2026 (ayer)
2026-08-31 10:26:44,270 [INFO] Iniciando navegador Chromium...
2026-08-31 10:26:46,706 [INFO] Abriendo login: https://appweb.asfi.gob.bo/SCIP/Login.aspx?ReturnUrl=%2fSCIP%2fmControlPlazos%2fControlPlazos.aspx
2026-08-31 10:26:49,348 [INFO] Ingresando credenciales...
2026-08-31 10:26:49,496 [INFO] Enviando formulario de login...
2026-08-31 10:26:51,755 [INFO] URL después del login: https://appweb.asfi.gob.bo/SCIP/Default.aspx
2026-08-31 10:26:51,756 [INFO] ✅ Login exitoso
2026-08-31 10:26:51,757 [INFO] Navegando a 'Control de Envios' en el menú principal...
2026-08-31 10:26:53,597 [INFO] URL tras click menú principal: https://appweb.asfi.gob.bo/SCIP/mControlPlazos/Default.aspx
2026-08-31 10:26:53,598 [INFO] Navegando a 'Envios' en el menú lateral...
2026-08-31 10:26:57,562 [INFO] URL tras click menú lateral: https://appweb.asfi.gob.bo/SCIP/mControlPlazos/ControlPlazos.aspx
2026-08-31 10:26:57,563 [INFO] Configurando Fecha Corte Inicial: 30/8/2026
2026-08-31 10:26:57,695 [ERROR] Error inesperado en scraping: 'Locator' object has no attribute 'triple_click'
Traceback (most recent call last):
  File "C:\Users\PA-CREDITO-02\Downloads\Reports_ASFI_monitor\asfi_monitor.py", line 338, in obtener_reportes
    _ingresar_fecha(
    ~~~~~~~~~~~~~~~^
        page,
        ^^^^^
    ...<2 lines>...
        timeout_ms,
        ^^^^^^^^^^^
    )
    ^
  File "C:\Users\PA-CREDITO-02\Downloads\Reports_ASFI_monitor\asfi_monitor.py", line 236, in _ingresar_fecha
    campo.triple_click()
    ^^^^^^^^^^^^^^^^^^
AttributeError: 'Locator' object has no attribute 'triple_click'
2026-08-31 10:26:57,697 [INFO] [NOTIFICACIÓN] ⚠️ ASFI Monitor - Error inesperado: AttributeError: 'Locator' object has no attribute 'triple_click'
2026-08-31 10:26:58,559 [INFO] Navegador cerrado.
2026-08-31 10:26:58,596 [WARNING] No se obtuvieron reportes (tabla vacía o error de scraping)
2026-08-31 11:04:13,446 [INFO] ============================================================
2026-08-31 11:04:13,446 [INFO] ASFI SCIP Monitor iniciado
2026-08-31 11:04:13,446 [INFO]   Usuario  : thomas.clavijo@comarapa.coop
2026-08-31 11:04:13,446 [INFO]   Intervalo: 15 minutos
2026-08-31 11:04:13,447 [INFO]   Headless : False
2026-08-31 11:04:13,447 [INFO]   Días atrás: 1
2026-08-31 11:04:13,447 [INFO] ============================================================
2026-08-31 11:04:13,713 [INFO] ============================================================
2026-08-31 11:04:13,713 [INFO] Iniciando revisión: 2026-08-31 11:04:13
2026-08-31 11:04:13,715 [INFO] Fecha a consultar: 30/8/2026 (ayer)
2026-08-31 11:04:15,202 [INFO] Iniciando navegador Chromium...
2026-08-31 11:04:17,785 [INFO] Abriendo login: https://appweb.asfi.gob.bo/SCIP/Login.aspx?ReturnUrl=%2fSCIP%2fmControlPlazos%2fControlPlazos.aspx
2026-08-31 11:04:18,915 [INFO] Ingresando credenciales...
2026-08-31 11:04:19,037 [INFO] Enviando formulario de login...
2026-08-31 11:04:21,777 [INFO] URL después del login: https://appweb.asfi.gob.bo/SCIP/Default.aspx
2026-08-31 11:04:21,785 [INFO] ✅ Login exitoso
2026-08-31 11:04:21,791 [INFO] Navegando a 'Control de Envios' en el menú principal...
2026-08-31 11:04:23,613 [INFO] URL tras click menú principal: https://appweb.asfi.gob.bo/SCIP/mControlPlazos/Default.aspx
2026-08-31 11:04:23,614 [INFO] Navegando a 'Envios' en el menú lateral...
2026-08-31 11:04:27,544 [INFO] URL tras click menú lateral: https://appweb.asfi.gob.bo/SCIP/mControlPlazos/ControlPlazos.aspx
2026-08-31 11:04:27,545 [INFO] Configurando Fecha Corte Inicial: 30/8/2026
2026-08-31 11:04:27,681 [ERROR] Error inesperado en scraping: 'Locator' object has no attribute 'triple_click'
Traceback (most recent call last):
  File "C:\Users\PA-CREDITO-02\Downloads\Reports_ASFI_monitor\asfi_monitor.py", line 338, in obtener_reportes
    _ingresar_fecha(
    ~~~~~~~~~~~~~~~^
        page,
        ^^^^^
    ...<2 lines>...
        timeout_ms,
        ^^^^^^^^^^^
    )
    ^
  File "C:\Users\PA-CREDITO-02\Downloads\Reports_ASFI_monitor\asfi_monitor.py", line 236, in _ingresar_fecha
    campo.triple_click()
    ^^^^^^^^^^^^^^^^^^
AttributeError: 'Locator' object has no attribute 'triple_click'
2026-08-31 11:04:27,684 [INFO] [NOTIFICACIÓN] ⚠️ ASFI Monitor - Error inesperado: AttributeError: 'Locator' object has no attribute 'triple_click'
2026-08-31 11:04:28,253 [INFO] Navegador cerrado.
2026-08-31 11:04:28,287 [WARNING] No se obtuvieron reportes (tabla vacía o error de scraping)
2026-08-31 11:19:19,698 [INFO] ============================================================
2026-08-31 11:19:19,699 [INFO] ASFI SCIP Monitor iniciado
2026-08-31 11:19:19,699 [INFO]   Usuario  : thomas.clavijo@comarapa.coop
2026-08-31 11:19:19,699 [INFO]   Intervalo: 15 minutos
2026-08-31 11:19:19,699 [INFO]   Headless : False
2026-08-31 11:19:19,700 [INFO]   Días atrás: 1
2026-08-31 11:19:19,700 [INFO] ============================================================
2026-08-31 11:19:19,882 [INFO] ============================================================
2026-08-31 11:19:19,882 [INFO] Iniciando revisión: 2026-08-31 11:19:19
2026-08-31 11:19:19,883 [INFO] Fecha a consultar: 30/8/2026 (ayer)
2026-08-31 11:19:21,157 [INFO] Iniciando navegador Chromium...
2026-08-31 11:19:22,421 [INFO] Abriendo login: https://appweb.asfi.gob.bo/SCIP/Login.aspx?ReturnUrl=%2fSCIP%2fmControlPlazos%2fControlPlazos.aspx
2026-08-31 11:19:23,472 [INFO] Ingresando credenciales...
2026-08-31 11:19:23,595 [INFO] Enviando formulario de login...
2026-08-31 11:19:25,715 [INFO] URL después del login: https://appweb.asfi.gob.bo/SCIP/Default.aspx
2026-08-31 11:19:25,716 [INFO] ✅ Login exitoso
2026-08-31 11:19:25,716 [INFO] Navegando a 'Control de Envios' en el menú principal...
2026-08-31 11:19:27,559 [INFO] URL tras click menú principal: https://appweb.asfi.gob.bo/SCIP/mControlPlazos/Default.aspx
2026-08-31 11:19:27,560 [INFO] Navegando a 'Envios' en el menú lateral...
2026-08-31 11:19:31,359 [INFO] URL tras click menú lateral: https://appweb.asfi.gob.bo/SCIP/mControlPlazos/ControlPlazos.aspx
2026-08-31 11:19:31,359 [INFO] Configurando Fecha Corte Inicial: 30/8/2026
2026-08-31 11:19:33,802 [INFO] Configurando Fecha Corte Final: 30/8/2026
2026-08-31 11:19:36,275 [INFO] Ejecutando búsqueda...
2026-08-31 11:20:06,302 [ERROR] Timeout esperando un elemento de la página: Locator.wait_for: Timeout 30000ms exceeded.
Call log:
  - waiting for locator("#MainContent_DefaultContent_BtnBuscar_I") to be visible
    62 × locator resolved to hidden <input type="submit" class="dxb-hb" value="Buscar" id="MainContent_DefaultContent_BtnBuscar_I" name="ctl00$ctl00$MainContent$DefaultContent$BtnBuscar"/>

2026-08-31 11:20:06,303 [INFO] [NOTIFICACIÓN] ⚠️ ASFI Monitor - Timeout: No se cargó la página en 30s. Verificar conexión o disponibilidad del sistema ASFI.
2026-08-31 11:20:06,879 [INFO] Navegador cerrado.
2026-08-31 11:20:06,905 [WARNING] No se obtuvieron reportes (tabla vacía o error de scraping)
2026-08-31 11:31:55,312 [INFO] ============================================================
2026-08-31 11:31:55,312 [INFO] ASFI SCIP Monitor iniciado
2026-08-31 11:31:55,312 [INFO]   Usuario  : thomas.clavijo@comarapa.coop
2026-08-31 11:31:55,312 [INFO]   Intervalo: 15 minutos
2026-08-31 11:31:55,313 [INFO]   Headless : False
2026-08-31 11:31:55,313 [INFO]   Días atrás: 1
2026-08-31 11:31:55,313 [INFO] ============================================================
2026-08-31 11:31:55,578 [INFO] ============================================================
2026-08-31 11:31:55,578 [INFO] Iniciando revisión: 2026-08-31 11:31:55
2026-08-31 11:31:55,580 [INFO] Fecha a consultar: 30/8/2026 (ayer)
2026-08-31 11:31:57,675 [INFO] Iniciando navegador Chromium...
2026-08-31 11:32:00,845 [INFO] Abriendo login: https://appweb.asfi.gob.bo/SCIP/Login.aspx?ReturnUrl=%2fSCIP%2fmControlPlazos%2fControlPlazos.aspx
2026-08-31 11:32:01,992 [INFO] Ingresando credenciales...
2026-08-31 11:32:02,140 [INFO] Enviando formulario de login...
2026-08-31 11:32:04,202 [INFO] URL después del login: https://appweb.asfi.gob.bo/SCIP/Default.aspx
2026-08-31 11:32:04,203 [INFO] ✅ Login exitoso
2026-08-31 11:32:04,204 [INFO] Navegando a 'Control de Envios' en el menú principal...
2026-08-31 11:32:06,018 [INFO] URL tras click menú principal: https://appweb.asfi.gob.bo/SCIP/mControlPlazos/Default.aspx
2026-08-31 11:32:06,019 [INFO] Navegando a 'Envios' en el menú lateral...
2026-08-31 11:32:10,137 [INFO] URL tras click menú lateral: https://appweb.asfi.gob.bo/SCIP/mControlPlazos/ControlPlazos.aspx
2026-08-31 11:32:10,138 [INFO] Configurando Fecha Corte Inicial: 30/8/2026
2026-08-31 11:32:12,633 [INFO] Configurando Fecha Corte Final: 30/8/2026
2026-08-31 11:32:14,998 [INFO] Ejecutando búsqueda...
2026-08-31 11:32:20,448 [INFO] Extrayendo datos de la tabla...
2026-08-31 11:32:20,555 [INFO] Registros encontrados: 9
2026-08-31 11:32:21,252 [INFO] Navegador cerrado.
2026-08-31 11:32:21,281 [INFO] Resumen: 4 exitosos | 5 pendientes | 0 errores
2026-08-31 11:32:21,283 [INFO] Revisión completada. Próxima en 15 min.
2026-09-01 08:38:52,872 [INFO] ============================================================
2026-09-01 08:38:52,872 [INFO] ASFI SCIP Monitor iniciado
2026-09-01 08:38:52,875 [INFO]   Usuario  : thomas.clavijo@comarapa.coop
2026-09-01 08:38:52,875 [INFO]   Intervalo: 15 minutos
2026-09-01 08:38:52,876 [INFO]   Headless : True
2026-09-01 08:38:52,876 [INFO]   Días atrás: 1
2026-09-01 08:38:52,877 [INFO] ============================================================
2026-09-01 08:38:53,361 [INFO] [NOTIFICACIÓN] ASFI Monitor iniciado: Monitoreando reportes cada 15 min.
2026-09-01 08:38:53,492 [INFO] ============================================================
2026-09-01 08:38:53,492 [INFO] Iniciando revisión: 2026-09-01 08:38:53
2026-09-01 08:38:53,496 [INFO] Fecha a consultar: 31/8/2026 (ayer)
2026-09-01 08:38:55,467 [INFO] Iniciando navegador Chromium...
2026-09-01 08:39:10,712 [INFO] Abriendo login: https://appweb.asfi.gob.bo/SCIP/Login.aspx?ReturnUrl=%2fSCIP%2fmControlPlazos%2fControlPlazos.aspx
2026-09-01 08:39:13,669 [INFO] Ingresando credenciales...
2026-09-01 08:39:43,680 [ERROR] Timeout esperando un elemento de la página: Locator.wait_for: Timeout 30000ms exceeded.
Call log:
  - waiting for locator(".txtLogin") to be visible

2026-09-01 08:39:43,680 [INFO] [NOTIFICACIÓN] ⚠️ ASFI Monitor - Timeout: No se cargó la página en 30s. Verificar conexión o disponibilidad del sistema ASFI.
2026-09-01 08:39:44,030 [INFO] Navegador cerrado.
2026-09-01 08:39:44,062 [WARNING] No se obtuvieron reportes (tabla vacía o error de scraping)
2026-09-01 08:39:44,064 [INFO] Scheduler activo. Revisando cada 15 minutos.
2026-09-01 08:39:44,065 [INFO] Presionar Ctrl+C para detener.
2026-09-01 08:42:03,839 [INFO] Monitor detenido por el usuario.
2026-09-01 08:42:03,840 [INFO] [NOTIFICACIÓN] ASFI Monitor detenido: El monitoreo fue detenido manualmente.
2026-09-01 08:42:42,954 [INFO] ============================================================
2026-09-01 08:42:42,954 [INFO] ASFI SCIP Monitor iniciado
2026-09-01 08:42:42,955 [INFO]   Usuario  : thomas.clavijo@comarapa.coop
2026-09-01 08:42:42,955 [INFO]   Intervalo: 15 minutos
2026-09-01 08:42:42,955 [INFO]   Headless : False
2026-09-01 08:42:42,956 [INFO]   Días atrás: 1
2026-09-01 08:42:42,957 [INFO] ============================================================
2026-09-01 08:42:43,471 [INFO] ============================================================
2026-09-01 08:42:43,471 [INFO] Iniciando revisión: 2026-09-01 08:42:43
2026-09-01 08:42:43,473 [INFO] Fecha a consultar: 31/8/2026 (ayer)
2026-09-01 08:42:45,857 [INFO] Iniciando navegador Chromium...
2026-09-01 08:42:48,904 [INFO] Abriendo login: https://appweb.asfi.gob.bo/SCIP/Login.aspx?ReturnUrl=%2fSCIP%2fmControlPlazos%2fControlPlazos.aspx
2026-09-01 08:42:49,984 [INFO] Ingresando credenciales...
2026-09-01 08:42:50,105 [INFO] Enviando formulario de login...
2026-09-01 08:42:55,253 [INFO] URL después del login: https://appweb.asfi.gob.bo/SCIP/Default.aspx
2026-09-01 08:42:55,253 [INFO] ✅ Login exitoso
2026-09-01 08:42:55,254 [INFO] Navegando a 'Control de Envios' en el menú principal...
2026-09-01 08:42:57,100 [INFO] URL tras click menú principal: https://appweb.asfi.gob.bo/SCIP/mControlPlazos/Default.aspx
2026-09-01 08:42:57,108 [INFO] Navegando a 'Envios' en el menú lateral...
2026-09-01 08:43:01,184 [INFO] URL tras click menú lateral: https://appweb.asfi.gob.bo/SCIP/mControlPlazos/ControlPlazos.aspx
2026-09-01 08:43:01,185 [INFO] Configurando Fecha Corte Inicial: 31/8/2026
2026-09-01 08:43:03,608 [INFO] Configurando Fecha Corte Final: 31/8/2026
2026-09-01 08:43:05,926 [INFO] Ejecutando búsqueda...
2026-09-01 08:43:11,317 [INFO] Extrayendo datos de la tabla...
2026-09-01 08:43:11,393 [INFO] Registros encontrados: 2
2026-09-01 08:43:11,978 [INFO] Navegador cerrado.
2026-09-01 08:43:12,001 [INFO] Resumen: 2 exitosos | 0 pendientes | 0 errores
2026-09-01 08:43:12,003 [INFO] Revisión completada. Próxima en 15 min.
2026-09-01 08:43:32,881 [INFO] ============================================================
2026-09-01 08:43:32,881 [INFO] ASFI SCIP Monitor iniciado
2026-09-01 08:43:32,882 [INFO]   Usuario  : thomas.clavijo@comarapa.coop
2026-09-01 08:43:32,882 [INFO]   Intervalo: 15 minutos
2026-09-01 08:43:32,882 [INFO]   Headless : True
2026-09-01 08:43:32,882 [INFO]   Días atrás: 1
2026-09-01 08:43:32,883 [INFO] ============================================================
2026-09-01 08:43:33,099 [INFO] ============================================================
2026-09-01 08:43:33,100 [INFO] Iniciando revisión: 2026-09-01 08:43:33
2026-09-01 08:43:33,101 [INFO] Fecha a consultar: 31/8/2026 (ayer)
2026-09-01 08:43:34,429 [INFO] Iniciando navegador Chromium...
2026-09-01 08:43:44,719 [INFO] Abriendo login: https://appweb.asfi.gob.bo/SCIP/Login.aspx?ReturnUrl=%2fSCIP%2fmControlPlazos%2fControlPlazos.aspx
2026-09-01 08:43:45,383 [INFO] Ingresando credenciales...
2026-09-01 08:44:15,409 [ERROR] Timeout esperando un elemento de la página: Locator.wait_for: Timeout 30000ms exceeded.
Call log:
  - waiting for locator(".txtLogin") to be visible

2026-09-01 08:44:15,409 [INFO] [NOTIFICACIÓN] ⚠️ ASFI Monitor - Timeout: No se cargó la página en 30s. Verificar conexión o disponibilidad del sistema ASFI.
2026-09-01 08:44:16,146 [INFO] Navegador cerrado.
2026-09-01 08:44:16,172 [WARNING] No se obtuvieron reportes (tabla vacía o error de scraping)
2026-09-01 09:35:31,223 [INFO] ============================================================
2026-09-01 09:35:31,223 [INFO] ASFI SCIP Monitor iniciado
2026-09-01 09:35:31,224 [INFO]   Usuario  : thomas.clavijo@comarapa.coop
2026-09-01 09:35:31,224 [INFO]   Intervalo: 15 minutos
2026-09-01 09:35:31,224 [INFO]   Headless : False
2026-09-01 09:35:31,224 [INFO]   Días atrás: 1
2026-09-01 09:35:31,225 [INFO] ============================================================
2026-09-01 09:35:31,533 [INFO] [NOTIFICACIÓN] ASFI Monitor iniciado: Monitoreando reportes cada 15 min.
2026-09-01 09:35:31,620 [INFO] ============================================================
2026-09-01 09:35:31,621 [INFO] Iniciando revisión: 2026-09-01 09:35:31
2026-09-01 09:35:31,623 [INFO] Fecha a consultar: 31/8/2026 (ayer)
2026-09-01 09:35:34,014 [INFO] Iniciando navegador Chromium...
2026-09-01 09:35:37,126 [INFO] Abriendo login: https://appweb.asfi.gob.bo/SCIP/Login.aspx?ReturnUrl=%2fSCIP%2fmControlPlazos%2fControlPlazos.aspx
2026-09-01 09:35:38,169 [INFO] Ingresando credenciales...
2026-09-01 09:35:38,301 [INFO] Enviando formulario de login...
2026-09-01 09:35:40,784 [INFO] URL después del login: https://appweb.asfi.gob.bo/SCIP/Default.aspx
2026-09-01 09:35:40,785 [INFO] ✅ Login exitoso
2026-09-01 09:35:40,787 [INFO] Navegando a 'Control de Envios' en el menú principal...
2026-09-01 09:35:42,752 [INFO] URL tras click menú principal: https://appweb.asfi.gob.bo/SCIP/mControlPlazos/Default.aspx
2026-09-01 09:35:42,753 [INFO] Navegando a 'Envios' en el menú lateral...
2026-09-01 09:35:46,941 [INFO] URL tras click menú lateral: https://appweb.asfi.gob.bo/SCIP/mControlPlazos/ControlPlazos.aspx
2026-09-01 09:35:46,941 [INFO] Configurando Fecha Corte Inicial: 31/8/2026
2026-09-01 09:35:49,354 [INFO] Configurando Fecha Corte Final: 31/8/2026
2026-09-01 09:35:51,748 [INFO] Ejecutando búsqueda...
2026-09-01 09:35:58,071 [INFO] Extrayendo datos de la tabla...
2026-09-01 09:35:58,150 [INFO] Registros encontrados: 9
2026-09-01 09:35:58,911 [INFO] Navegador cerrado.
2026-09-01 09:35:58,947 [INFO] Resumen: 6 exitosos | 3 pendientes | 0 errores
2026-09-01 09:35:58,949 [INFO] Revisión completada. Próxima en 15 min.
2026-09-01 09:35:58,949 [INFO] Scheduler activo. Revisando cada 15 minutos.
2026-09-01 09:35:58,949 [INFO] Presionar Ctrl+C para detener.
2026-09-01 09:50:58,963 [INFO] ============================================================
2026-09-01 09:50:58,964 [INFO] Iniciando revisión: 2026-09-01 09:50:58
2026-09-01 09:50:58,965 [INFO] Fecha a consultar: 31/8/2026 (ayer)
2026-09-01 09:51:00,361 [INFO] Iniciando navegador Chromium...
2026-09-01 09:51:03,692 [INFO] Abriendo login: https://appweb.asfi.gob.bo/SCIP/Login.aspx?ReturnUrl=%2fSCIP%2fmControlPlazos%2fControlPlazos.aspx
2026-09-01 09:51:05,328 [INFO] Ingresando credenciales...
2026-09-01 09:51:05,448 [INFO] Enviando formulario de login...
2026-09-01 09:51:07,715 [INFO] URL después del login: https://appweb.asfi.gob.bo/SCIP/Default.aspx
2026-09-01 09:51:07,716 [INFO] ✅ Login exitoso
2026-09-01 09:51:07,717 [INFO] Navegando a 'Control de Envios' en el menú principal...
2026-09-01 09:51:09,559 [INFO] URL tras click menú principal: https://appweb.asfi.gob.bo/SCIP/mControlPlazos/Default.aspx
2026-09-01 09:51:09,560 [INFO] Navegando a 'Envios' en el menú lateral...
2026-09-01 09:51:13,641 [INFO] URL tras click menú lateral: https://appweb.asfi.gob.bo/SCIP/mControlPlazos/ControlPlazos.aspx
2026-09-01 09:51:13,641 [INFO] Configurando Fecha Corte Inicial: 31/8/2026
2026-09-01 09:51:16,160 [INFO] Configurando Fecha Corte Final: 31/8/2026
2026-09-01 09:51:18,609 [INFO] Ejecutando búsqueda...
2026-09-01 09:51:24,079 [INFO] Extrayendo datos de la tabla...
2026-09-01 09:51:24,207 [INFO] Registros encontrados: 9
2026-09-01 09:51:25,340 [INFO] Navegador cerrado.
2026-09-01 09:51:25,392 [INFO] Resumen: 6 exitosos | 3 pendientes | 0 errores
2026-09-01 09:51:25,395 [INFO] Revisión completada. Próxima en 15 min.
2026-09-01 10:06:25,411 [INFO] ============================================================
2026-09-01 10:06:25,413 [INFO] Iniciando revisión: 2026-09-01 10:06:25
2026-09-01 10:06:25,417 [INFO] Fecha a consultar: 31/8/2026 (ayer)
2026-09-01 10:06:26,404 [INFO] Iniciando navegador Chromium...
2026-09-01 10:06:28,739 [INFO] Abriendo login: https://appweb.asfi.gob.bo/SCIP/Login.aspx?ReturnUrl=%2fSCIP%2fmControlPlazos%2fControlPlazos.aspx
2026-09-01 10:06:31,140 [INFO] Ingresando credenciales...
2026-09-01 10:06:31,325 [INFO] Enviando formulario de login...
2026-09-01 10:06:33,826 [INFO] URL después del login: https://appweb.asfi.gob.bo/SCIP/Default.aspx
2026-09-01 10:06:33,827 [INFO] ✅ Login exitoso
2026-09-01 10:06:33,828 [INFO] Navegando a 'Control de Envios' en el menú principal...
2026-09-01 10:06:35,693 [INFO] URL tras click menú principal: https://appweb.asfi.gob.bo/SCIP/mControlPlazos/Default.aspx
2026-09-01 10:06:35,694 [INFO] Navegando a 'Envios' en el menú lateral...
2026-09-01 10:06:39,809 [INFO] URL tras click menú lateral: https://appweb.asfi.gob.bo/SCIP/mControlPlazos/ControlPlazos.aspx
2026-09-01 10:06:39,809 [INFO] Configurando Fecha Corte Inicial: 31/8/2026
2026-09-01 10:06:42,342 [INFO] Configurando Fecha Corte Final: 31/8/2026
2026-09-01 10:06:44,839 [INFO] Ejecutando búsqueda...
2026-09-01 10:06:50,242 [INFO] Extrayendo datos de la tabla...
2026-09-01 10:06:50,339 [INFO] Registros encontrados: 9
2026-09-01 10:06:50,974 [INFO] Navegador cerrado.
2026-09-01 10:06:51,003 [INFO] Resumen: 6 exitosos | 3 pendientes | 0 errores
2026-09-01 10:06:51,005 [INFO] Revisión completada. Próxima en 15 min.
2026-09-01 10:21:51,027 [INFO] ============================================================
2026-09-01 10:21:51,028 [INFO] Iniciando revisión: 2026-09-01 10:21:51
2026-09-01 10:21:51,032 [INFO] Fecha a consultar: 31/8/2026 (ayer)
2026-09-01 10:21:51,928 [INFO] Iniciando navegador Chromium...
2026-09-01 10:21:53,108 [INFO] Abriendo login: https://appweb.asfi.gob.bo/SCIP/Login.aspx?ReturnUrl=%2fSCIP%2fmControlPlazos%2fControlPlazos.aspx
2026-09-01 10:21:54,135 [INFO] Ingresando credenciales...
2026-09-01 10:21:54,258 [INFO] Enviando formulario de login...
2026-09-01 10:21:56,545 [INFO] URL después del login: https://appweb.asfi.gob.bo/SCIP/Default.aspx
2026-09-01 10:21:56,546 [INFO] ✅ Login exitoso
2026-09-01 10:21:56,547 [INFO] Navegando a 'Control de Envios' en el menú principal...
2026-09-01 10:21:58,430 [INFO] URL tras click menú principal: https://appweb.asfi.gob.bo/SCIP/mControlPlazos/Default.aspx
2026-09-01 10:21:58,431 [INFO] Navegando a 'Envios' en el menú lateral...
2026-09-01 10:22:02,485 [INFO] URL tras click menú lateral: https://appweb.asfi.gob.bo/SCIP/mControlPlazos/ControlPlazos.aspx
2026-09-01 10:22:02,499 [INFO] Configurando Fecha Corte Inicial: 31/8/2026
2026-09-01 10:22:05,007 [INFO] Configurando Fecha Corte Final: 31/8/2026
2026-09-01 10:22:07,626 [INFO] Ejecutando búsqueda...
2026-09-01 10:22:12,967 [INFO] Extrayendo datos de la tabla...
2026-09-01 10:22:13,054 [INFO] Registros encontrados: 9
2026-09-01 10:22:13,666 [INFO] Navegador cerrado.
2026-09-01 10:22:13,683 [INFO] Resumen: 6 exitosos | 3 pendientes | 0 errores
2026-09-01 10:22:13,684 [INFO] Revisión completada. Próxima en 15 min.
2026-09-01 10:37:13,736 [INFO] ============================================================
2026-09-01 10:37:13,737 [INFO] Iniciando revisión: 2026-09-01 10:37:13
2026-09-01 10:37:13,743 [INFO] Fecha a consultar: 31/8/2026 (ayer)
2026-09-01 10:37:14,947 [INFO] Iniciando navegador Chromium...
2026-09-01 10:37:17,868 [INFO] Abriendo login: https://appweb.asfi.gob.bo/SCIP/Login.aspx?ReturnUrl=%2fSCIP%2fmControlPlazos%2fControlPlazos.aspx
2026-09-01 10:37:18,875 [INFO] Ingresando credenciales...
2026-09-01 10:37:19,032 [INFO] Enviando formulario de login...
2026-09-01 10:37:21,485 [INFO] URL después del login: https://appweb.asfi.gob.bo/SCIP/Default.aspx
2026-09-01 10:37:21,486 [INFO] ✅ Login exitoso
2026-09-01 10:37:21,486 [INFO] Navegando a 'Control de Envios' en el menú principal...
2026-09-01 10:37:23,314 [INFO] URL tras click menú principal: https://appweb.asfi.gob.bo/SCIP/mControlPlazos/Default.aspx
2026-09-01 10:37:23,314 [INFO] Navegando a 'Envios' en el menú lateral...
2026-09-01 10:37:27,390 [INFO] URL tras click menú lateral: https://appweb.asfi.gob.bo/SCIP/mControlPlazos/ControlPlazos.aspx
2026-09-01 10:37:27,391 [INFO] Configurando Fecha Corte Inicial: 31/8/2026
2026-09-01 10:37:29,908 [INFO] Configurando Fecha Corte Final: 31/8/2026
2026-09-01 10:37:32,333 [INFO] Ejecutando búsqueda...
2026-09-01 10:37:37,637 [INFO] Extrayendo datos de la tabla...
2026-09-01 10:37:37,753 [INFO] Registros encontrados: 9
2026-09-01 10:37:38,345 [INFO] Navegador cerrado.
2026-09-01 10:37:38,369 [INFO] Resumen: 6 exitosos | 3 pendientes | 0 errores
2026-09-01 10:37:38,370 [INFO] Revisión completada. Próxima en 15 min.
2026-09-01 10:44:16,310 [INFO] Monitor detenido por el usuario.
2026-09-01 10:44:16,311 [INFO] [NOTIFICACIÓN] ASFI Monitor detenido: El monitoreo fue detenido manualmente.
2026-09-01 10:44:58,619 [INFO] ============================================================
2026-09-01 10:44:58,619 [INFO] ASFI SCIP Monitor iniciado
2026-09-01 10:44:58,619 [INFO]   Usuario  : thomas.clavijo@comarapa.coop
2026-09-01 10:44:58,619 [INFO]   Intervalo: 15 minutos
2026-09-01 10:44:58,620 [INFO]   Headless : True
2026-09-01 10:44:58,620 [INFO]   Días atrás: 1
2026-09-01 10:44:58,620 [INFO] ============================================================
2026-09-01 10:44:58,849 [INFO] ============================================================
2026-09-01 10:44:58,850 [INFO] Iniciando revisión: 2026-09-01 10:44:58
2026-09-01 10:44:58,851 [INFO] Fecha a consultar: 31/8/2026 (ayer)
2026-09-01 10:45:00,066 [INFO] Iniciando navegador Chromium...
2026-09-01 10:45:10,175 [INFO] Abriendo login: https://appweb.asfi.gob.bo/SCIP/Login.aspx?ReturnUrl=%2fSCIP%2fmControlPlazos%2fControlPlazos.aspx
2026-09-01 10:45:15,610 [INFO] Ingresando credenciales...
2026-09-01 10:45:16,377 [INFO] Enviando formulario de login...
2026-09-01 10:45:20,158 [INFO] URL después del login: https://appweb.asfi.gob.bo/SCIP/Default.aspx
2026-09-01 10:45:20,159 [INFO] ✅ Login exitoso
2026-09-01 10:45:20,160 [INFO] Navegando a 'Control de Envios' en el menú principal...
2026-09-01 10:45:21,984 [INFO] URL tras click menú principal: https://appweb.asfi.gob.bo/SCIP/mControlPlazos/Default.aspx
2026-09-01 10:45:21,985 [INFO] Navegando a 'Envios' en el menú lateral...
2026-09-01 10:45:25,904 [INFO] URL tras click menú lateral: https://appweb.asfi.gob.bo/SCIP/mControlPlazos/ControlPlazos.aspx
2026-09-01 10:45:25,905 [INFO] Configurando Fecha Corte Inicial: 31/8/2026
2026-09-01 10:45:28,429 [INFO] Configurando Fecha Corte Final: 31/8/2026
2026-09-01 10:45:30,909 [INFO] Ejecutando búsqueda...
2026-09-01 10:45:36,251 [INFO] Extrayendo datos de la tabla...
2026-09-01 10:45:36,343 [INFO] Registros encontrados: 9
2026-09-01 10:45:36,744 [INFO] Navegador cerrado.
2026-09-01 10:45:36,760 [INFO] Resumen: 6 exitosos | 3 pendientes | 0 errores
2026-09-01 10:45:36,762 [INFO] Revisión completada. Próxima en 15 min.
2026-09-01 10:52:43,372 [INFO] ============================================================
2026-09-01 10:52:43,373 [INFO] ASFI SCIP Monitor iniciado
2026-09-01 10:52:43,373 [INFO]   Usuario  : thomas.clavijo@comarapa.coop
2026-09-01 10:52:43,373 [INFO]   Intervalo: 15 minutos
2026-09-01 10:52:43,373 [INFO]   Headless : True
2026-09-01 10:52:43,373 [INFO]   Días atrás: 1
2026-09-01 10:52:43,374 [INFO] ============================================================
2026-09-01 10:52:43,618 [INFO] ============================================================
2026-09-01 10:52:43,618 [INFO] Iniciando revisión: 2026-09-01 10:52:43
2026-09-01 10:52:43,620 [INFO] Fecha a consultar: 31/8/2026 (ayer)
2026-09-01 10:52:44,775 [INFO] Iniciando navegador Chromium...
2026-09-01 10:52:53,186 [INFO] Abriendo login: https://appweb.asfi.gob.bo/SCIP/Login.aspx?ReturnUrl=%2fSCIP%2fmControlPlazos%2fControlPlazos.aspx
2026-09-01 10:52:56,730 [INFO] Ingresando credenciales...
2026-09-01 10:52:57,460 [INFO] Enviando formulario de login...
2026-09-01 10:53:01,191 [INFO] URL después del login: https://appweb.asfi.gob.bo/SCIP/Default.aspx
2026-09-01 10:53:01,191 [INFO] ✅ Login exitoso
2026-09-01 10:53:01,192 [INFO] Navegando a 'Control de Envios' en el menú principal...
2026-09-01 10:53:02,995 [INFO] URL tras click menú principal: https://appweb.asfi.gob.bo/SCIP/mControlPlazos/Default.aspx
2026-09-01 10:53:02,996 [INFO] Navegando a 'Envios' en el menú lateral...
2026-09-01 10:53:07,251 [INFO] URL tras click menú lateral: https://appweb.asfi.gob.bo/SCIP/mControlPlazos/ControlPlazos.aspx
2026-09-01 10:53:07,254 [INFO] Configurando Fecha Corte Inicial: 31/8/2026
2026-09-01 10:53:09,643 [INFO] Configurando Fecha Corte Final: 31/8/2026
2026-09-01 10:53:12,003 [INFO] Ejecutando búsqueda...
2026-09-01 10:53:16,919 [INFO] Extrayendo datos de la tabla...
2026-09-01 10:53:16,995 [INFO] Registros encontrados: 9
2026-09-01 10:53:17,584 [INFO] Navegador cerrado.
2026-09-01 10:53:17,618 [INFO] Validando reportes esperados para 31/8/2026...
2026-09-01 10:53:17,618 [WARNING] ⚠️  Reportes diarios FALTANTES: ['Estratificación de Depósitos', 'D001-D005 IF - Diario Encaje', 'D012 - Créditos refinanciados y/o reprogramados']
2026-09-01 10:53:17,619 [INFO] [NOTIFICACIÓN] ⚠️  ASFI Monitor — 3 reportes FALTANTES: Fecha: 31/8/2026

  • Estratificación de Depósitos
  • D001-D005 IF - Diario Encaje
  • D012 - Créditos refinanciados y/o reprogramados
2026-09-01 10:53:17,712 [INFO] Resumen: 9 exitosos | 0 pendientes | 0 errores | 3 faltantes
2026-09-01 10:53:17,714 [INFO] Revisión completada. Próxima en 15 min.
2026-09-01 11:17:34,700 [INFO] ============================================================
2026-09-01 11:17:34,701 [INFO] ASFI SCIP Monitor iniciado
2026-09-01 11:17:34,701 [INFO]   Usuario  : thomas.clavijo@comarapa.coop
2026-09-01 11:17:34,701 [INFO]   Intervalo: 15 minutos
2026-09-01 11:17:34,701 [INFO]   Headless : True
2026-09-01 11:17:34,701 [INFO]   Días atrás: 1
2026-09-01 11:17:34,702 [INFO] ============================================================
2026-09-01 11:17:34,892 [INFO] ============================================================
2026-09-01 11:17:34,892 [INFO] Iniciando revisión: 2026-09-01 11:17:34
2026-09-01 11:17:34,893 [INFO] Fecha a consultar: 31/8/2026 (ayer)
2026-09-01 11:17:36,223 [INFO] Iniciando navegador Chromium...
2026-09-01 11:17:44,191 [INFO] Abriendo login: https://appweb.asfi.gob.bo/SCIP/Login.aspx?ReturnUrl=%2fSCIP%2fmControlPlazos%2fControlPlazos.aspx
2026-09-01 11:17:49,874 [INFO] Ingresando credenciales...
2026-09-01 11:17:50,660 [INFO] Enviando formulario de login...
2026-09-01 11:17:54,417 [INFO] URL después del login: https://appweb.asfi.gob.bo/SCIP/Default.aspx
2026-09-01 11:17:54,418 [INFO] ✅ Login exitoso
2026-09-01 11:17:54,419 [INFO] Navegando a 'Control de Envios' en el menú principal...
2026-09-01 11:17:56,277 [INFO] URL tras click menú principal: https://appweb.asfi.gob.bo/SCIP/mControlPlazos/Default.aspx
2026-09-01 11:17:56,278 [INFO] Navegando a 'Envios' en el menú lateral...
2026-09-01 11:18:00,454 [INFO] URL tras click menú lateral: https://appweb.asfi.gob.bo/SCIP/mControlPlazos/ControlPlazos.aspx
2026-09-01 11:18:00,455 [INFO] Configurando Fecha Corte Inicial: 31/8/2026
2026-09-01 11:18:02,970 [INFO] Configurando Fecha Corte Final: 31/8/2026
2026-09-01 11:18:05,443 [INFO] Ejecutando búsqueda...
2026-09-01 11:18:11,041 [INFO] Extrayendo datos de la tabla...
2026-09-01 11:18:11,129 [INFO] Registros encontrados: 9
2026-09-01 11:18:11,610 [INFO] Navegador cerrado.
2026-09-01 11:18:11,636 [INFO] Validando reportes esperados para 31/8/2026...
2026-09-01 11:18:11,636 [WARNING] ⚠️  Reportes diarios FALTANTES: ['Estratificación de Depósitos', 'D001-D005 IF - Diario Encaje', 'D012 - Créditos refinanciados y/o reprogramados']
2026-09-01 11:18:11,636 [INFO] Resumen: 9 exitosos | 0 pendientes | 0 errores | 3 faltantes
2026-09-01 11:18:11,638 [INFO] Revisión completada. Próxima en 15 min.
2026-09-01 11:25:51,762 [INFO] ============================================================
2026-09-01 11:25:51,763 [INFO] ASFI SCIP Monitor iniciado
2026-09-01 11:25:51,764 [INFO]   Usuario  : thomas.clavijo@comarapa.coop
2026-09-01 11:25:51,765 [INFO]   Intervalo: 15 minutos
2026-09-01 11:25:51,766 [INFO]   Headless : False
2026-09-01 11:25:51,766 [INFO]   Días atrás: 1
2026-09-01 11:25:51,766 [INFO] ============================================================
2026-09-01 11:25:52,215 [INFO] ============================================================
2026-09-01 11:25:52,216 [INFO] Iniciando revisión: 2026-09-01 11:25:52
2026-09-01 11:25:52,218 [INFO] Fecha a consultar: 31/8/2026 (ayer)
2026-09-01 11:25:53,172 [INFO] Iniciando navegador Chromium...
2026-09-01 11:25:56,213 [INFO] Abriendo login: https://appweb.asfi.gob.bo/SCIP/Login.aspx?ReturnUrl=%2fSCIP%2fmControlPlazos%2fControlPlazos.aspx
2026-09-01 11:25:59,381 [INFO] Ingresando credenciales...
2026-09-01 11:26:00,158 [INFO] Enviando formulario de login...
2026-09-01 11:26:04,099 [INFO] URL después del login: https://appweb.asfi.gob.bo/SCIP/Default.aspx
2026-09-01 11:26:04,100 [INFO] ✅ Login exitoso
2026-09-01 11:26:04,100 [INFO] Navegando a 'Control de Envios' en el menú principal...
2026-09-01 11:26:05,960 [INFO] URL tras click menú principal: https://appweb.asfi.gob.bo/SCIP/mControlPlazos/Default.aspx
2026-09-01 11:26:05,961 [INFO] Navegando a 'Envios' en el menú lateral...
2026-09-01 11:26:10,042 [INFO] URL tras click menú lateral: https://appweb.asfi.gob.bo/SCIP/mControlPlazos/ControlPlazos.aspx
2026-09-01 11:26:10,043 [INFO] Configurando Fecha Corte Inicial: 31/8/2026
2026-09-01 11:26:12,653 [INFO] Configurando Fecha Corte Final: 31/8/2026
2026-09-01 11:26:15,140 [INFO] Ejecutando búsqueda...
2026-09-01 11:26:20,688 [INFO] Extrayendo datos de la tabla...
2026-09-01 11:26:20,791 [INFO] Registros encontrados: 10
2026-09-01 11:26:21,667 [INFO] Navegador cerrado.
2026-09-01 11:26:21,689 [INFO] Validando reportes esperados para 31/8/2026...
2026-09-01 11:26:21,690 [WARNING] ⚠️  Reportes diarios FALTANTES: ['Estratificación de Depósitos', 'D001-D005 IF - Diario Encaje', 'D012 - Créditos refinanciados y/o reprogramados']
2026-09-01 11:26:21,690 [INFO] Resumen: 10 exitosos | 0 pendientes | 0 errores | 3 faltantes
2026-09-01 11:26:21,691 [INFO] Revisión completada. Próxima en 15 min.
2026-09-01 11:29:06,146 [INFO] ============================================================
2026-09-01 11:29:06,146 [INFO] ASFI SCIP Monitor iniciado
2026-09-01 11:29:06,147 [INFO]   Usuario  : thomas.clavijo@comarapa.coop
2026-09-01 11:29:06,147 [INFO]   Intervalo: 15 minutos
2026-09-01 11:29:06,148 [INFO]   Headless : True
2026-09-01 11:29:06,148 [INFO]   Días atrás: 1
2026-09-01 11:29:06,148 [INFO] ============================================================
2026-09-01 11:29:06,373 [INFO] ============================================================
2026-09-01 11:29:06,374 [INFO] Iniciando revisión: 2026-09-01 11:29:06
2026-09-01 11:29:06,375 [INFO] Fecha a consultar: 31/8/2026 (ayer)
2026-09-01 11:29:08,012 [INFO] Iniciando navegador Chromium...
2026-09-01 11:29:19,063 [INFO] Abriendo login: https://appweb.asfi.gob.bo/SCIP/Login.aspx?ReturnUrl=%2fSCIP%2fmControlPlazos%2fControlPlazos.aspx
2026-09-01 11:29:24,639 [INFO] Ingresando credenciales...
2026-09-01 11:29:25,372 [INFO] Enviando formulario de login...
2026-09-01 11:29:29,104 [INFO] URL después del login: https://appweb.asfi.gob.bo/SCIP/Default.aspx
2026-09-01 11:29:29,104 [INFO] ✅ Login exitoso
2026-09-01 11:29:29,113 [INFO] Navegando a 'Control de Envios' en el menú principal...
2026-09-01 11:29:30,954 [INFO] URL tras click menú principal: https://appweb.asfi.gob.bo/SCIP/mControlPlazos/Default.aspx
2026-09-01 11:29:30,954 [INFO] Navegando a 'Envios' en el menú lateral...
2026-09-01 11:29:34,853 [INFO] URL tras click menú lateral: https://appweb.asfi.gob.bo/SCIP/mControlPlazos/ControlPlazos.aspx
2026-09-01 11:29:34,853 [INFO] Configurando Fecha Corte Inicial: 31/8/2026
2026-09-01 11:29:37,252 [INFO] Configurando Fecha Corte Final: 31/8/2026
2026-09-01 11:29:39,583 [INFO] Ejecutando búsqueda...
2026-09-01 11:29:44,717 [INFO] Extrayendo datos de la tabla...
2026-09-01 11:29:44,776 [INFO] Registros encontrados: 10
2026-09-01 11:29:45,390 [INFO] Navegador cerrado.
2026-09-01 11:29:45,417 [INFO] Validando reportes esperados para 31/8/2026...
2026-09-01 11:29:45,418 [WARNING] ⚠️  Reportes diarios FALTANTES: ['Estratificación de Depósitos', 'D001-D005 IF - Diario Encaje', 'D012 - Créditos refinanciados y/o reprogramados']
2026-09-01 11:29:45,421 [INFO] [NOTIFICACIÓN] ⚠️  ASFI Monitor — 3 reportes FALTANTES: Fecha: 31/8/2026

  • Estratificación de Depósitos
  • D001-D005 IF - Diario Encaje
  • D012 - Créditos refinanciados y/o reprogramados
2026-09-01 11:29:45,491 [INFO] Resumen: 10 exitosos | 0 pendientes | 0 errores | 3 faltantes
2026-09-01 11:29:45,492 [INFO] Revisión completada. Próxima en 15 min.
2026-09-01 11:31:34,537 [INFO] ============================================================
2026-09-01 11:31:34,538 [INFO] ASFI SCIP Monitor iniciado
2026-09-01 11:31:34,538 [INFO]   Usuario  : thomas.clavijo@comarapa.coop
2026-09-01 11:31:34,538 [INFO]   Intervalo: 15 minutos
2026-09-01 11:31:34,538 [INFO]   Headless : True
2026-09-01 11:31:34,538 [INFO]   Días atrás: 1
2026-09-01 11:31:34,538 [INFO] ============================================================
2026-09-01 11:31:34,743 [INFO] ============================================================
2026-09-01 11:31:34,743 [INFO] Iniciando revisión: 2026-09-01 11:31:34
2026-09-01 11:31:34,743 [INFO] Fecha a consultar: 31/8/2026 (ayer)
2026-09-01 11:31:35,868 [INFO] Iniciando navegador Chromium...
2026-09-01 11:31:45,062 [INFO] Abriendo login: https://appweb.asfi.gob.bo/SCIP/Login.aspx?ReturnUrl=%2fSCIP%2fmControlPlazos%2fControlPlazos.aspx
2026-09-01 11:31:48,273 [INFO] Ingresando credenciales...
2026-09-01 11:31:48,993 [INFO] Enviando formulario de login...
2026-09-01 11:31:52,734 [INFO] URL después del login: https://appweb.asfi.gob.bo/SCIP/Default.aspx
2026-09-01 11:31:52,734 [INFO] ✅ Login exitoso
2026-09-01 11:31:52,735 [INFO] Navegando a 'Control de Envios' en el menú principal...
2026-09-01 11:31:54,541 [INFO] URL tras click menú principal: https://appweb.asfi.gob.bo/SCIP/mControlPlazos/Default.aspx
2026-09-01 11:31:54,542 [INFO] Navegando a 'Envios' en el menú lateral...
2026-09-01 11:31:58,954 [INFO] URL tras click menú lateral: https://appweb.asfi.gob.bo/SCIP/mControlPlazos/ControlPlazos.aspx
2026-09-01 11:31:58,955 [INFO] Configurando Fecha Corte Inicial: 31/8/2026
2026-09-01 11:32:01,422 [INFO] Configurando Fecha Corte Final: 31/8/2026
2026-09-01 11:32:03,754 [INFO] Ejecutando búsqueda...
2026-09-01 11:32:09,151 [INFO] Extrayendo datos de la tabla...
2026-09-01 11:32:09,226 [INFO] Registros encontrados: 10
2026-09-01 11:32:09,832 [INFO] Navegador cerrado.
2026-09-01 11:32:09,856 [INFO] Validando reportes esperados para 31/8/2026...
2026-09-01 11:32:09,856 [WARNING] ⚠️  Reportes diarios FALTANTES: ['Estratificación de Depósitos', 'Reporte de Transacciones con el Exterior Diario', 'D001-D005 IF - Diario Encaje', 'D012 - Créditos refinanciados y/o reprogramados']
2026-09-01 11:32:09,856 [INFO] [NOTIFICACION] ??  ASFI Monitor ? 4 reportes FALTANTES: Fecha: 31/8/2026

  ? Estratificaci?n de Dep?sitos
  ? Reporte de Transacciones con el Exterior Diar
2026-09-01 11:32:09,912 [INFO] Resumen: 9 exitosos | 1 pendientes | 0 errores | 4 faltantes
2026-09-01 11:32:09,913 [INFO] Revisión completada. Próxima en 15 min.
2026-09-01 11:33:07,889 [INFO] ============================================================
2026-09-01 11:33:07,889 [INFO] ASFI SCIP Monitor iniciado
2026-09-01 11:33:07,890 [INFO]   Usuario  : thomas.clavijo@comarapa.coop
2026-09-01 11:33:07,890 [INFO]   Intervalo: 15 minutos
2026-09-01 11:33:07,890 [INFO]   Headless : False
2026-09-01 11:33:07,890 [INFO]   Días atrás: 1
2026-09-01 11:33:07,890 [INFO] ============================================================
2026-09-01 11:33:08,229 [INFO] ============================================================
2026-09-01 11:33:08,230 [INFO] Iniciando revisión: 2026-09-01 11:33:08
2026-09-01 11:33:08,230 [INFO] Fecha a consultar: 31/8/2026 (ayer)
2026-09-01 11:33:11,628 [INFO] Iniciando navegador Chromium...
2026-09-01 11:33:15,658 [INFO] Abriendo login: https://appweb.asfi.gob.bo/SCIP/Login.aspx?ReturnUrl=%2fSCIP%2fmControlPlazos%2fControlPlazos.aspx
2026-09-01 11:33:19,048 [INFO] Ingresando credenciales...
2026-09-01 11:33:19,813 [INFO] Enviando formulario de login...
2026-09-01 11:33:23,928 [INFO] URL después del login: https://appweb.asfi.gob.bo/SCIP/Default.aspx
2026-09-01 11:33:23,929 [INFO] ✅ Login exitoso
2026-09-01 11:33:23,929 [INFO] Navegando a 'Control de Envios' en el menú principal...
2026-09-01 11:33:25,777 [INFO] URL tras click menú principal: https://appweb.asfi.gob.bo/SCIP/mControlPlazos/Default.aspx
2026-09-01 11:33:25,778 [INFO] Navegando a 'Envios' en el menú lateral...
2026-09-01 11:33:30,059 [INFO] URL tras click menú lateral: https://appweb.asfi.gob.bo/SCIP/mControlPlazos/ControlPlazos.aspx
2026-09-01 11:33:30,059 [INFO] Configurando Fecha Corte Inicial: 31/8/2026
2026-09-01 11:33:32,475 [INFO] Configurando Fecha Corte Final: 31/8/2026
2026-09-01 11:33:34,790 [INFO] Ejecutando búsqueda...
2026-09-01 11:33:40,206 [INFO] Extrayendo datos de la tabla...
2026-09-01 11:33:40,268 [INFO] Registros encontrados: 10
2026-09-01 11:33:41,556 [INFO] Navegador cerrado.
2026-09-01 11:33:41,585 [INFO] Validando reportes esperados para 31/8/2026...
2026-09-01 11:33:41,586 [WARNING] ⚠️  Reportes diarios FALTANTES: ['Estratificación de Depósitos', 'Reporte de Transacciones con el Exterior Diario', 'D001-D005 IF - Diario Encaje', 'D012 - Créditos refinanciados y/o reprogramados']
2026-09-01 11:33:41,586 [INFO] [NOTIFICACION] ??  ASFI Monitor ? 4 reportes FALTANTES: Fecha: 31/8/2026

  ? Estratificaci?n de Dep?sitos
  ? Reporte de Transacciones con el Exterior Diar
2026-09-01 11:33:41,655 [INFO] Resumen: 9 exitosos | 1 pendientes | 0 errores | 4 faltantes
2026-09-01 11:33:41,658 [INFO] Revisión completada. Próxima en 15 min.
2026-09-01 11:34:45,909 [INFO] ============================================================
2026-09-01 11:34:45,909 [INFO] ASFI SCIP Monitor iniciado
2026-09-01 11:34:45,909 [INFO]   Usuario  : thomas.clavijo@comarapa.coop
2026-09-01 11:34:45,909 [INFO]   Intervalo: 15 minutos
2026-09-01 11:34:45,909 [INFO]   Headless : True
2026-09-01 11:34:45,909 [INFO]   Días atrás: 1
2026-09-01 11:34:45,909 [INFO] ============================================================
2026-09-01 11:34:46,113 [INFO] ============================================================
2026-09-01 11:34:46,113 [INFO] Iniciando revisión: 2026-09-01 11:34:46
2026-09-01 11:34:46,114 [INFO] Fecha a consultar: 31/8/2026 (ayer)
2026-09-01 11:34:47,627 [INFO] Iniciando navegador Chromium...
2026-09-01 11:34:57,923 [INFO] Abriendo login: https://appweb.asfi.gob.bo/SCIP/Login.aspx?ReturnUrl=%2fSCIP%2fmControlPlazos%2fControlPlazos.aspx
2026-09-01 11:35:01,319 [INFO] Ingresando credenciales...
2026-09-01 11:35:02,040 [INFO] Enviando formulario de login...
2026-09-01 11:35:05,819 [INFO] URL después del login: https://appweb.asfi.gob.bo/SCIP/Default.aspx
2026-09-01 11:35:05,819 [INFO] ✅ Login exitoso
2026-09-01 11:35:05,819 [INFO] Navegando a 'Control de Envios' en el menú principal...
2026-09-01 11:35:07,634 [INFO] URL tras click menú principal: https://appweb.asfi.gob.bo/SCIP/mControlPlazos/Default.aspx
2026-09-01 11:35:07,635 [INFO] Navegando a 'Envios' en el menú lateral...
2026-09-01 11:35:11,743 [INFO] URL tras click menú lateral: https://appweb.asfi.gob.bo/SCIP/mControlPlazos/ControlPlazos.aspx
2026-09-01 11:35:11,743 [INFO] Configurando Fecha Corte Inicial: 31/8/2026
2026-09-01 11:35:14,170 [INFO] Configurando Fecha Corte Final: 31/8/2026
2026-09-01 11:35:16,524 [INFO] Ejecutando búsqueda...
2026-09-01 11:35:21,423 [INFO] Extrayendo datos de la tabla...
2026-09-01 11:35:21,481 [INFO] Registros encontrados: 10
2026-09-01 11:35:22,106 [INFO] Navegador cerrado.
2026-09-01 11:35:22,130 [INFO] Validando reportes esperados para 31/8/2026...
2026-09-01 11:35:22,130 [WARNING] ⚠️  Reportes diarios FALTANTES: ['Estratificación de Depósitos', 'Reporte de Transacciones con el Exterior Diario', 'D001-D005 IF - Diario Encaje', 'D012 - Créditos refinanciados y/o reprogramados']
2026-09-01 11:35:22,130 [INFO] [NOTIFICACION] ??  ASFI Monitor ? 4 reportes FALTANTES: Fecha: 31/8/2026

  ? Estratificaci?n de Dep?sitos
  ? Reporte de Transacciones con el Exterior Diar
2026-09-01 11:35:35,789 [INFO] Resumen: 10 exitosos | 0 pendientes | 0 errores | 4 faltantes
2026-09-01 11:35:35,792 [INFO] Revisión completada. Próxima en 15 min.
2026-09-01 11:36:36,065 [INFO] ============================================================
2026-09-01 11:36:36,066 [INFO] ASFI SCIP Monitor iniciado
2026-09-01 11:36:36,066 [INFO]   Usuario  : thomas.clavijo@comarapa.coop
2026-09-01 11:36:36,066 [INFO]   Intervalo: 15 minutos
2026-09-01 11:36:36,066 [INFO]   Headless : False
2026-09-01 11:36:36,066 [INFO]   Días atrás: 1
2026-09-01 11:36:36,066 [INFO] ============================================================
2026-09-01 11:36:36,259 [INFO] ============================================================
2026-09-01 11:36:36,259 [INFO] Iniciando revisión: 2026-09-01 11:36:36
2026-09-01 11:36:36,260 [INFO] Fecha a consultar: 31/8/2026 (ayer)
2026-09-01 11:36:37,755 [INFO] Iniciando navegador Chromium...
2026-09-01 11:36:40,880 [INFO] Abriendo login: https://appweb.asfi.gob.bo/SCIP/Login.aspx?ReturnUrl=%2fSCIP%2fmControlPlazos%2fControlPlazos.aspx
2026-09-01 11:36:43,897 [INFO] Ingresando credenciales...
2026-09-01 11:36:44,678 [INFO] Enviando formulario de login...
2026-09-01 11:36:48,485 [INFO] URL después del login: https://appweb.asfi.gob.bo/SCIP/Default.aspx
2026-09-01 11:36:48,486 [INFO] ✅ Login exitoso
2026-09-01 11:36:48,487 [INFO] Navegando a 'Control de Envios' en el menú principal...
2026-09-01 11:36:50,446 [INFO] URL tras click menú principal: https://appweb.asfi.gob.bo/SCIP/mControlPlazos/Default.aspx
2026-09-01 11:36:50,447 [INFO] Navegando a 'Envios' en el menú lateral...
2026-09-01 11:36:54,520 [INFO] URL tras click menú lateral: https://appweb.asfi.gob.bo/SCIP/mControlPlazos/ControlPlazos.aspx
2026-09-01 11:36:54,521 [INFO] Configurando Fecha Corte Inicial: 31/8/2026
2026-09-01 11:36:57,034 [INFO] Configurando Fecha Corte Final: 31/8/2026
2026-09-01 11:36:59,575 [INFO] Ejecutando búsqueda...
2026-09-01 11:37:05,222 [INFO] Extrayendo datos de la tabla...
2026-09-01 11:37:05,327 [INFO] Registros encontrados: 10
2026-09-01 11:37:06,411 [INFO] Navegador cerrado.
2026-09-01 11:37:06,439 [INFO] Validando reportes esperados para 31/8/2026...
2026-09-01 11:37:06,440 [WARNING] ⚠️  Reportes diarios FALTANTES: ['Estratificación de Depósitos', 'Reporte de Transacciones con el Exterior Diario', 'D001-D005 IF - Diario Encaje', 'D012 - Créditos refinanciados y/o reprogramados']
2026-09-01 11:37:06,440 [INFO] Resumen: 10 exitosos | 0 pendientes | 0 errores | 4 faltantes
2026-09-01 11:37:06,442 [INFO] Revisión completada. Próxima en 15 min.
2026-09-01 11:41:08,738 [INFO] ============================================================
2026-09-01 11:41:08,738 [INFO] ASFI SCIP Monitor iniciado
2026-09-01 11:41:08,738 [INFO]   Usuario  : thomas.clavijo@comarapa.coop
2026-09-01 11:41:08,739 [INFO]   Intervalo: 15 minutos
2026-09-01 11:41:08,739 [INFO]   Headless : False
2026-09-01 11:41:08,739 [INFO]   Días atrás: 1
2026-09-01 11:41:08,739 [INFO] ============================================================
2026-09-01 11:41:08,911 [INFO] ============================================================
2026-09-01 11:41:08,911 [INFO] Iniciando revisión: 2026-09-01 11:41:08
2026-09-01 11:41:08,913 [INFO] Fecha a consultar: 31/8/2026 (ayer)
2026-09-01 11:41:10,107 [INFO] Iniciando navegador Chromium...
2026-09-01 11:41:11,499 [INFO] Abriendo login: https://appweb.asfi.gob.bo/SCIP/Login.aspx?ReturnUrl=%2fSCIP%2fmControlPlazos%2fControlPlazos.aspx
2026-09-01 11:41:14,878 [INFO] Ingresando credenciales...
2026-09-01 11:41:15,673 [INFO] Enviando formulario de login...
2026-09-01 11:41:19,376 [INFO] URL después del login: https://appweb.asfi.gob.bo/SCIP/Default.aspx
2026-09-01 11:41:19,377 [INFO] ✅ Login exitoso
2026-09-01 11:41:19,378 [INFO] Navegando a 'Control de Envios' en el menú principal...
2026-09-01 11:41:21,229 [INFO] URL tras click menú principal: https://appweb.asfi.gob.bo/SCIP/mControlPlazos/Default.aspx
2026-09-01 11:41:21,229 [INFO] Navegando a 'Envios' en el menú lateral...
2026-09-01 11:41:25,313 [INFO] URL tras click menú lateral: https://appweb.asfi.gob.bo/SCIP/mControlPlazos/ControlPlazos.aspx
2026-09-01 11:41:25,314 [INFO] Configurando Fecha Corte Inicial: 31/8/2026
2026-09-01 11:41:27,801 [INFO] Configurando Fecha Corte Final: 31/8/2026
2026-09-01 11:41:30,299 [INFO] Ejecutando búsqueda...
2026-09-01 11:41:35,783 [INFO] Extrayendo datos de la tabla...
2026-09-01 11:41:35,879 [INFO] Registros encontrados: 10
2026-09-01 11:41:36,684 [INFO] Navegador cerrado.
2026-09-01 11:41:36,723 [INFO] Validando reportes esperados para 31/8/2026...
2026-09-01 11:41:36,723 [WARNING] ⚠️  Reportes diarios FALTANTES: ['Estratificación de Depósitos', 'Reporte de Transacciones con el Exterior Diario', 'D001-D005 IF - Diario Encaje', 'D012 - Créditos refinanciados y/o reprogramados']
2026-09-01 11:41:36,723 [INFO] Resumen: 10 exitosos | 0 pendientes | 0 errores | 4 faltantes
2026-09-01 11:41:36,725 [INFO] Revisión completada. Próxima en 15 min.
2026-09-01 11:52:52,907 [INFO] ============================================================
2026-09-01 11:52:52,908 [INFO] ASFI SCIP Monitor iniciado
2026-09-01 11:52:52,908 [INFO]   Usuario  : thomas.clavijo@comarapa.coop
2026-09-01 11:52:52,908 [INFO]   Intervalo: 15 minutos
2026-09-01 11:52:52,908 [INFO]   Headless : False
2026-09-01 11:52:52,909 [INFO]   Días atrás: 1
2026-09-01 11:52:52,909 [INFO] ============================================================
2026-09-01 11:52:53,080 [INFO] ============================================================
2026-09-01 11:52:53,081 [INFO] Iniciando revisión: 2026-09-01 11:52:53
2026-09-01 11:52:53,082 [INFO] Fecha a consultar: 31/8/2026 (ayer)
2026-09-01 11:52:53,770 [INFO] Iniciando navegador Chromium...
2026-09-01 11:52:55,314 [INFO] Abriendo login: https://appweb.asfi.gob.bo/SCIP/Login.aspx?ReturnUrl=%2fSCIP%2fmControlPlazos%2fControlPlazos.aspx
2026-09-01 11:52:58,446 [INFO] Ingresando credenciales...
2026-09-01 11:52:59,227 [INFO] Enviando formulario de login...
2026-09-01 11:53:03,779 [INFO] URL después del login: https://appweb.asfi.gob.bo/SCIP/Default.aspx
2026-09-01 11:53:03,780 [INFO] ✅ Login exitoso
2026-09-01 11:53:03,781 [INFO] Navegando a 'Control de Envios' en el menú principal...
2026-09-01 11:53:05,983 [INFO] URL tras click menú principal: https://appweb.asfi.gob.bo/SCIP/mControlPlazos/Default.aspx
2026-09-01 11:53:05,984 [INFO] Navegando a 'Envios' en el menú lateral...
2026-09-01 11:53:10,140 [INFO] URL tras click menú lateral: https://appweb.asfi.gob.bo/SCIP/mControlPlazos/ControlPlazos.aspx
2026-09-01 11:53:10,142 [INFO] Configurando Fecha Corte Inicial: 31/8/2026
2026-09-01 11:53:12,732 [INFO] Configurando Fecha Corte Final: 31/8/2026
2026-09-01 11:53:15,220 [INFO] Ejecutando búsqueda...
2026-09-01 11:53:20,547 [INFO] Extrayendo datos de la tabla...
2026-09-01 11:53:20,643 [INFO] Registros encontrados: 10
2026-09-01 11:53:21,492 [INFO] Navegador cerrado.
2026-09-01 11:53:21,516 [INFO] Validando reportes esperados para 31/8/2026...
2026-09-01 11:53:21,517 [WARNING] ⚠️  Reportes diarios FALTANTES: ['Estratificación de Depósitos', 'Reporte de Transacciones con el Exterior Diario', 'D001-D005 IF - Diario Encaje', 'D012 - Créditos refinanciados y/o reprogramados']
2026-09-01 11:53:21,518 [INFO] Resumen: 10 exitosos | 0 pendientes | 0 errores | 4 faltantes
2026-09-01 11:53:21,520 [INFO] Revisión completada. Próxima en 15 min.
2026-09-01 11:53:42,520 [INFO] ============================================================
2026-09-01 11:53:42,521 [INFO] ASFI SCIP Monitor iniciado
2026-09-01 11:53:42,521 [INFO]   Usuario  : thomas.clavijo@comarapa.coop
2026-09-01 11:53:42,521 [INFO]   Intervalo: 15 minutos
2026-09-01 11:53:42,521 [INFO]   Headless : False
2026-09-01 11:53:42,521 [INFO]   Días atrás: 1
2026-09-01 11:53:42,521 [INFO] ============================================================
2026-09-01 11:53:42,684 [INFO] ============================================================
2026-09-01 11:53:42,684 [INFO] Iniciando revisión: 2026-09-01 11:53:42
2026-09-01 11:53:42,685 [INFO] Fecha a consultar: 31/8/2026 (ayer)
2026-09-01 11:53:43,606 [INFO] Iniciando navegador Chromium...
2026-09-01 11:53:45,070 [INFO] Abriendo login: https://appweb.asfi.gob.bo/SCIP/Login.aspx?ReturnUrl=%2fSCIP%2fmControlPlazos%2fControlPlazos.aspx
2026-09-01 11:53:49,115 [INFO] Ingresando credenciales...
2026-09-01 11:53:49,926 [INFO] Enviando formulario de login...
2026-09-01 11:53:54,359 [INFO] URL después del login: https://appweb.asfi.gob.bo/SCIP/Default.aspx
2026-09-01 11:53:54,360 [INFO] ✅ Login exitoso
2026-09-01 11:53:54,361 [INFO] Navegando a 'Control de Envios' en el menú principal...
2026-09-01 11:53:56,360 [INFO] URL tras click menú principal: https://appweb.asfi.gob.bo/SCIP/mControlPlazos/Default.aspx
2026-09-01 11:53:56,360 [INFO] Navegando a 'Envios' en el menú lateral...
2026-09-01 11:54:01,153 [INFO] URL tras click menú lateral: https://appweb.asfi.gob.bo/SCIP/mControlPlazos/ControlPlazos.aspx
2026-09-01 11:54:01,154 [INFO] Configurando Fecha Corte Inicial: 31/8/2026
2026-09-01 11:54:03,656 [INFO] Configurando Fecha Corte Final: 31/8/2026
2026-09-01 11:54:06,168 [INFO] Ejecutando búsqueda...
2026-09-01 11:54:11,542 [INFO] Extrayendo datos de la tabla...
2026-09-01 11:54:11,638 [INFO] Registros encontrados: 10
2026-09-01 11:54:12,493 [INFO] Navegador cerrado.
2026-09-01 11:54:12,514 [INFO] Validando reportes esperados para 31/8/2026...
2026-09-01 11:54:12,514 [WARNING] ⚠️  Reportes diarios FALTANTES: ['Estratificación de Depósitos', 'Reporte de Transacciones con el Exterior Diario', 'D001-D005 IF - Diario Encaje', 'D012 - Créditos refinanciados y/o reprogramados']
2026-09-01 11:54:12,514 [INFO] Resumen: 10 exitosos | 0 pendientes | 0 errores | 4 faltantes
2026-09-01 11:54:12,516 [INFO] Revisión completada. Próxima en 15 min.
2026-09-01 12:02:59,092 [INFO] Fecha a consultar: 31/8/2026 (ayer)
2026-09-01 12:03:00,220 [INFO] Iniciando navegador Chromium...
2026-09-01 12:03:11,333 [INFO] Abriendo login: https://appweb.asfi.gob.bo/SCIP/Login.aspx?ReturnUrl=%2fSCIP%2fmControlPlazos%2fControlPlazos.aspx
2026-09-01 12:03:17,006 [INFO] Ingresando credenciales...
2026-09-01 12:03:17,739 [INFO] Enviando formulario de login...
2026-09-01 12:03:21,689 [INFO] URL después del login: https://appweb.asfi.gob.bo/SCIP/Default.aspx
2026-09-01 12:03:21,690 [INFO] ✅ Login exitoso
2026-09-01 12:03:21,690 [INFO] Navegando a 'Control de Envios' en el menú principal...
2026-09-01 12:03:23,487 [INFO] URL tras click menú principal: https://appweb.asfi.gob.bo/SCIP/mControlPlazos/Default.aspx
2026-09-01 12:03:23,488 [INFO] Navegando a 'Envios' en el menú lateral...
2026-09-01 12:03:27,803 [INFO] URL tras click menú lateral: https://appweb.asfi.gob.bo/SCIP/mControlPlazos/ControlPlazos.aspx
2026-09-01 12:03:27,804 [INFO] Configurando Fecha Corte Inicial: 31/8/2026
2026-09-01 12:03:30,202 [INFO] Configurando Fecha Corte Final: 31/8/2026
2026-09-01 12:03:32,534 [INFO] Ejecutando búsqueda...
2026-09-01 12:03:39,799 [INFO] Extrayendo datos de la tabla...
2026-09-01 12:03:39,861 [INFO] Registros encontrados: 10
2026-09-01 12:03:40,482 [INFO] Navegador cerrado.
2026-09-01 12:07:44,129 [INFO] ============================================================
2026-09-01 12:07:44,130 [INFO] ASFI SCIP Monitor iniciado
2026-09-01 12:07:44,130 [INFO]   Usuario  : thomas.clavijo@comarapa.coop
2026-09-01 12:07:44,130 [INFO]   Intervalo: 15 minutos
2026-09-01 12:07:44,130 [INFO]   Headless : False
2026-09-01 12:07:44,130 [INFO]   Días atrás: 1
2026-09-01 12:07:44,131 [INFO] ============================================================
2026-09-01 12:07:44,311 [INFO] ============================================================
2026-09-01 12:07:44,311 [INFO] Iniciando revisión: 2026-09-01 12:07:44
2026-09-01 12:07:44,311 [INFO] Fecha a consultar: 31/8/2026 (ayer)
2026-09-01 12:07:46,217 [INFO] Iniciando navegador Chromium...
2026-09-01 12:07:47,623 [INFO] Abriendo login: https://appweb.asfi.gob.bo/SCIP/Login.aspx?ReturnUrl=%2fSCIP%2fmControlPlazos%2fControlPlazos.aspx
2026-09-01 12:07:50,732 [INFO] Ingresando credenciales...
2026-09-01 12:07:51,507 [INFO] Enviando formulario de login...
2026-09-01 12:07:55,310 [INFO] URL después del login: https://appweb.asfi.gob.bo/SCIP/Default.aspx
2026-09-01 12:07:55,311 [INFO] ✅ Login exitoso
2026-09-01 12:07:55,312 [INFO] Navegando a 'Control de Envios' en el menú principal...
2026-09-01 12:07:57,160 [INFO] URL tras click menú principal: https://appweb.asfi.gob.bo/SCIP/mControlPlazos/Default.aspx
2026-09-01 12:07:57,161 [INFO] Navegando a 'Envios' en el menú lateral...
2026-09-01 12:08:01,352 [INFO] URL tras click menú lateral: https://appweb.asfi.gob.bo/SCIP/mControlPlazos/ControlPlazos.aspx
2026-09-01 12:08:01,353 [INFO] Configurando Fecha Corte Inicial: 31/8/2026
2026-09-01 12:08:03,959 [INFO] Configurando Fecha Corte Final: 31/8/2026
2026-09-01 12:08:06,475 [INFO] Ejecutando búsqueda...
2026-09-01 12:08:11,904 [INFO] Extrayendo datos de la tabla...
2026-09-01 12:08:12,001 [INFO] Registros encontrados: 10
2026-09-01 12:08:12,927 [INFO] Navegador cerrado.
2026-09-01 12:08:12,949 [INFO] Validando reportes esperados para 31/8/2026...
2026-09-01 12:08:12,949 [WARNING] ⚠️  Reportes diarios FALTANTES: ['Estratificación de Depósitos', 'Reporte de Transacciones con el Exterior Diario', 'D001-D005 IF - Diario Encaje', 'D012 - Créditos refinanciados y/o reprogramados']
2026-09-01 12:08:12,949 [INFO] [NOTIFICACION] ??  ASFI Monitor ? 4 reportes FALTANTES: Fecha: 31/8/2026

  ? Estratificaci?n de Dep?sitos
  ? Reporte de Transacciones con el Exterior Diar
2026-09-01 12:08:43,180 [INFO] Resumen: 10 exitosos | 0 pendientes | 0 errores | 4 faltantes
2026-09-01 12:08:43,186 [INFO] Revisión completada. Próxima en 15 min.
2026-09-01 12:59:11,042 [INFO] Fecha a consultar: 31/8/2026 (ayer)
2026-09-01 12:59:13,664 [INFO] Iniciando navegador Chromium...
2026-09-01 12:59:23,132 [INFO] Abriendo login: https://appweb.asfi.gob.bo/SCIP/Login.aspx?ReturnUrl=%2fSCIP%2fmControlPlazos%2fControlPlazos.aspx
2026-09-01 12:59:28,711 [INFO] Ingresando credenciales...
2026-09-01 12:59:29,457 [INFO] Enviando formulario de login...
2026-09-01 12:59:33,414 [INFO] URL después del login: https://appweb.asfi.gob.bo/SCIP/Default.aspx
2026-09-01 12:59:33,415 [INFO] ✅ Login exitoso
2026-09-01 12:59:33,416 [INFO] Navegando a 'Control de Envios' en el menú principal...
2026-09-01 12:59:35,264 [INFO] URL tras click menú principal: https://appweb.asfi.gob.bo/SCIP/mControlPlazos/Default.aspx
2026-09-01 12:59:35,264 [INFO] Navegando a 'Envios' en el menú lateral...
2026-09-01 12:59:39,420 [INFO] URL tras click menú lateral: https://appweb.asfi.gob.bo/SCIP/mControlPlazos/ControlPlazos.aspx
2026-09-01 12:59:39,420 [INFO] Configurando Fecha Corte Inicial: 31/8/2026
2026-09-01 12:59:41,863 [INFO] Configurando Fecha Corte Final: 31/8/2026
2026-09-01 12:59:44,240 [INFO] Ejecutando búsqueda...
2026-09-01 12:59:50,205 [INFO] Extrayendo datos de la tabla...
2026-09-01 12:59:50,271 [INFO] Registros encontrados: 10
2026-09-01 12:59:51,121 [INFO] Navegador cerrado.
2026-09-01 13:00:29,301 [INFO] ============================================================
2026-09-01 13:00:29,302 [INFO] ASFI SCIP Monitor iniciado
2026-09-01 13:00:29,302 [INFO]   Usuario  : thomas.clavijo@comarapa.coop
2026-09-01 13:00:29,302 [INFO]   Intervalo: 15 minutos
2026-09-01 13:00:29,302 [INFO]   Headless : True
2026-09-01 13:00:29,302 [INFO]   Días atrás: 1
2026-09-01 13:00:29,302 [INFO] ============================================================
2026-09-01 13:00:29,509 [INFO] ============================================================
2026-09-01 13:00:29,509 [INFO] Iniciando revisión: 2026-09-01 13:00:29
2026-09-01 13:00:29,510 [INFO] Fecha a consultar: 31/8/2026 (ayer)
2026-09-01 13:00:30,650 [INFO] Iniciando navegador Chromium...
2026-09-01 13:00:38,490 [INFO] Abriendo login: https://appweb.asfi.gob.bo/SCIP/Login.aspx?ReturnUrl=%2fSCIP%2fmControlPlazos%2fControlPlazos.aspx
2026-09-01 13:00:41,794 [INFO] Ingresando credenciales...
2026-09-01 13:00:42,525 [INFO] Enviando formulario de login...
2026-09-01 13:00:46,353 [INFO] URL después del login: https://appweb.asfi.gob.bo/SCIP/Default.aspx
2026-09-01 13:00:46,353 [INFO] ✅ Login exitoso
2026-09-01 13:00:46,353 [INFO] Navegando a 'Control de Envios' en el menú principal...
2026-09-01 13:00:48,176 [INFO] URL tras click menú principal: https://appweb.asfi.gob.bo/SCIP/mControlPlazos/Default.aspx
2026-09-01 13:00:48,177 [INFO] Navegando a 'Envios' en el menú lateral...
2026-09-01 13:00:52,235 [INFO] URL tras click menú lateral: https://appweb.asfi.gob.bo/SCIP/mControlPlazos/ControlPlazos.aspx
2026-09-01 13:00:52,235 [INFO] Configurando Fecha Corte Inicial: 31/8/2026
2026-09-01 13:00:54,693 [INFO] Configurando Fecha Corte Final: 31/8/2026
2026-09-01 13:00:57,050 [INFO] Ejecutando búsqueda...
2026-09-01 13:01:01,913 [INFO] Extrayendo datos de la tabla...
2026-09-01 13:01:01,979 [INFO] Registros encontrados: 10
2026-09-01 13:01:02,638 [INFO] Navegador cerrado.
2026-09-01 13:01:02,662 [INFO] Validando reportes esperados para 31/8/2026...
2026-09-01 13:01:02,663 [WARNING] ⚠️  Reportes diarios FALTANTES: ['Estratificación de Depósitos', 'Reporte de Transacciones con el Exterior Diario', 'D001-D005 IF - Diario Encaje', 'D012 - Créditos refinanciados y/o reprogramados']
2026-09-01 13:01:02,663 [INFO] [NOTIFICACION] ??  ASFI Monitor ? 4 reportes FALTANTES: Fecha: 31/8/2026

  ? Estratificaci?n de Dep?sitos
  ? Reporte de Transacciones con el Exterior Diar
2026-09-01 13:01:32,841 [INFO] Resumen: 10 exitosos | 0 pendientes | 0 errores | 4 faltantes
2026-09-01 13:01:32,845 [INFO] Revisión completada. Próxima en 15 min.
2026-09-01 13:02:11,814 [INFO] ============================================================
2026-09-01 13:02:11,814 [INFO] ASFI SCIP Monitor iniciado
2026-09-01 13:02:11,815 [INFO]   Usuario  : thomas.clavijo@comarapa.coop
2026-09-01 13:02:11,815 [INFO]   Intervalo: 15 minutos
2026-09-01 13:02:11,815 [INFO]   Headless : False
2026-09-01 13:02:11,816 [INFO]   Días atrás: 1
2026-09-01 13:02:11,816 [INFO] ============================================================
2026-09-01 13:02:12,230 [INFO] ============================================================
2026-09-01 13:02:12,231 [INFO] Iniciando revisión: 2026-09-01 13:02:12
2026-09-01 13:02:12,232 [INFO] Fecha a consultar: 31/8/2026 (ayer)
2026-09-01 13:02:14,340 [INFO] Iniciando navegador Chromium...
2026-09-01 13:02:17,846 [INFO] Abriendo login: https://appweb.asfi.gob.bo/SCIP/Login.aspx?ReturnUrl=%2fSCIP%2fmControlPlazos%2fControlPlazos.aspx
2026-09-01 13:02:21,027 [INFO] Ingresando credenciales...
2026-09-01 13:02:21,793 [INFO] Enviando formulario de login...
2026-09-01 13:02:25,570 [INFO] URL después del login: https://appweb.asfi.gob.bo/SCIP/Default.aspx
2026-09-01 13:02:25,570 [INFO] ✅ Login exitoso
2026-09-01 13:02:25,570 [INFO] Navegando a 'Control de Envios' en el menú principal...
2026-09-01 13:02:27,406 [INFO] URL tras click menú principal: https://appweb.asfi.gob.bo/SCIP/mControlPlazos/Default.aspx
2026-09-01 13:02:27,406 [INFO] Navegando a 'Envios' en el menú lateral...
2026-09-01 13:02:31,463 [INFO] URL tras click menú lateral: https://appweb.asfi.gob.bo/SCIP/mControlPlazos/ControlPlazos.aspx
2026-09-01 13:02:31,463 [INFO] Configurando Fecha Corte Inicial: 31/8/2026
2026-09-01 13:02:33,979 [INFO] Configurando Fecha Corte Final: 31/8/2026
2026-09-01 13:02:36,370 [INFO] Ejecutando búsqueda...
2026-09-01 13:02:41,866 [INFO] Extrayendo datos de la tabla...
2026-09-01 13:02:41,945 [INFO] Registros encontrados: 10
2026-09-01 13:02:42,915 [INFO] Navegador cerrado.
2026-09-01 13:02:42,936 [INFO] Validando reportes esperados para 31/8/2026...
2026-09-01 13:02:42,936 [WARNING] ⚠️  Reportes diarios FALTANTES: ['Estratificación de Depósitos', 'Reporte de Transacciones con el Exterior Diario', 'D001-D005 IF - Diario Encaje', 'D012 - Créditos refinanciados y/o reprogramados']
2026-09-01 13:02:42,937 [INFO] [NOTIFICACION] ??  ASFI Monitor ? 4 reportes FALTANTES: Fecha: 31/8/2026

  ? Estratificaci?n de Dep?sitos
  ? Reporte de Transacciones con el Exterior Diar
2026-09-01 13:02:51,145 [INFO] Resumen: 10 exitosos | 0 pendientes | 0 errores | 4 faltantes
2026-09-01 13:02:51,149 [INFO] Revisión completada. Próxima en 15 min.
2026-09-01 13:03:43,028 [INFO] ============================================================
2026-09-01 13:03:43,028 [INFO] ASFI SCIP Monitor iniciado
2026-09-01 13:03:43,028 [INFO]   Usuario  : thomas.clavijo@comarapa.coop
2026-09-01 13:03:43,028 [INFO]   Intervalo: 15 minutos
2026-09-01 13:03:43,028 [INFO]   Headless : True
2026-09-01 13:03:43,029 [INFO]   Días atrás: 1
2026-09-01 13:03:43,029 [INFO] ============================================================
2026-09-01 13:03:43,243 [INFO] ============================================================
2026-09-01 13:03:43,243 [INFO] Iniciando revisión: 2026-09-01 13:03:43
2026-09-01 13:03:43,244 [INFO] Fecha a consultar: 31/8/2026 (ayer)
2026-09-01 13:03:44,712 [INFO] Iniciando navegador Chromium...
2026-09-01 13:03:52,944 [INFO] Abriendo login: https://appweb.asfi.gob.bo/SCIP/Login.aspx?ReturnUrl=%2fSCIP%2fmControlPlazos%2fControlPlazos.aspx
2026-09-01 13:03:56,414 [INFO] Ingresando credenciales...
2026-09-01 13:03:57,149 [INFO] Enviando formulario de login...
2026-09-01 13:04:00,861 [INFO] URL después del login: https://appweb.asfi.gob.bo/SCIP/Default.aspx
2026-09-01 13:04:00,861 [INFO] ✅ Login exitoso
2026-09-01 13:04:00,862 [INFO] Navegando a 'Control de Envios' en el menú principal...
2026-09-01 13:04:02,650 [INFO] URL tras click menú principal: https://appweb.asfi.gob.bo/SCIP/mControlPlazos/Default.aspx
2026-09-01 13:04:02,650 [INFO] Navegando a 'Envios' en el menú lateral...
2026-09-01 13:04:06,648 [INFO] URL tras click menú lateral: https://appweb.asfi.gob.bo/SCIP/mControlPlazos/ControlPlazos.aspx
2026-09-01 13:04:06,648 [INFO] Configurando Fecha Corte Inicial: 31/8/2026
2026-09-01 13:04:09,105 [INFO] Configurando Fecha Corte Final: 31/8/2026
2026-09-01 13:04:11,486 [INFO] Ejecutando búsqueda...
2026-09-01 13:04:16,921 [INFO] Extrayendo datos de la tabla...
2026-09-01 13:04:16,997 [INFO] Registros encontrados: 10
2026-09-01 13:04:17,596 [INFO] Navegador cerrado.
2026-09-01 13:04:17,624 [INFO] Validando reportes esperados para 31/8/2026...
2026-09-01 13:04:17,624 [WARNING] ⚠️  Reportes diarios FALTANTES: ['Estratificación de Depósitos', 'Reporte de Transacciones con el Exterior Diario', 'D001-D005 IF - Diario Encaje', 'D012 - Créditos refinanciados y/o reprogramados']
2026-09-01 13:04:17,624 [INFO] [NOTIFICACION] ??  ASFI Monitor ? 4 reportes FALTANTES: Fecha: 31/8/2026

  ? Estratificaci?n de Dep?sitos
  ? Reporte de Transacciones con el Exterior Diar
2026-09-01 13:04:47,785 [INFO] Resumen: 10 exitosos | 0 pendientes | 0 errores | 4 faltantes
2026-09-01 13:04:47,787 [INFO] Revisión completada. Próxima en 15 min.
2026-09-01 13:13:58,692 [INFO] ============================================================
2026-09-01 13:13:58,693 [INFO] ASFI SCIP Monitor iniciado
2026-09-01 13:13:58,693 [INFO]   Usuario  : thomas.clavijo@comarapa.coop
2026-09-01 13:13:58,693 [INFO]   Intervalo: 15 minutos
2026-09-01 13:13:58,693 [INFO]   Headless : True
2026-09-01 13:13:58,693 [INFO]   Días atrás: 1
2026-09-01 13:13:58,693 [INFO] ============================================================
2026-09-01 13:13:58,905 [INFO] ============================================================
2026-09-01 13:13:58,905 [INFO] Iniciando revisión: 2026-09-01 13:13:58
2026-09-01 13:13:58,906 [INFO] Fecha a consultar: 31/8/2026 (ayer)
2026-09-01 13:14:00,111 [INFO] Iniciando navegador Chromium...
2026-09-01 13:14:08,337 [INFO] Abriendo login: https://appweb.asfi.gob.bo/SCIP/Login.aspx?ReturnUrl=%2fSCIP%2fmControlPlazos%2fControlPlazos.aspx
2026-09-01 13:14:13,714 [INFO] Ingresando credenciales...
2026-09-01 13:14:14,447 [INFO] Enviando formulario de login...
2026-09-01 13:14:18,166 [INFO] URL después del login: https://appweb.asfi.gob.bo/SCIP/Default.aspx
2026-09-01 13:14:18,167 [INFO] ✅ Login exitoso
2026-09-01 13:14:18,167 [INFO] Navegando a 'Control de Envios' en el menú principal...
2026-09-01 13:14:19,966 [INFO] URL tras click menú principal: https://appweb.asfi.gob.bo/SCIP/mControlPlazos/Default.aspx
2026-09-01 13:14:19,967 [INFO] Navegando a 'Envios' en el menú lateral...
2026-09-01 13:14:24,079 [INFO] URL tras click menú lateral: https://appweb.asfi.gob.bo/SCIP/mControlPlazos/ControlPlazos.aspx
2026-09-01 13:14:24,079 [INFO] Configurando Fecha Corte Inicial: 31/8/2026
2026-09-01 13:14:26,500 [INFO] Configurando Fecha Corte Final: 31/8/2026
2026-09-01 13:14:28,852 [INFO] Ejecutando búsqueda...
2026-09-01 13:14:33,815 [INFO] Extrayendo datos de la tabla...
2026-09-01 13:14:33,815 [INFO] Procesando página 1 de la tabla...
2026-09-01 13:14:33,879 [INFO]   Filas encontradas en página 1: 10
2026-09-01 13:14:34,431 [INFO]   Haciendo clic en 'Siguiente' (página 1 → 2)...
2026-09-01 13:14:35,486 [INFO] Procesando página 2 de la tabla...
2026-09-01 13:14:35,503 [INFO]   Filas encontradas en página 2: 2
2026-09-01 13:14:35,757 [INFO] No hay más páginas. Total registros extraídos: 12
2026-09-01 13:14:36,026 [INFO] Navegador cerrado.
2026-09-01 13:14:36,056 [INFO] Validando reportes esperados para 31/8/2026...
2026-09-01 13:14:36,056 [WARNING] ⚠️  Reportes diarios FALTANTES: ['Estratificación de Depósitos', 'D001-D005 IF - Diario Encaje', 'D012 - Créditos refinanciados y/o reprogramados']
2026-09-01 13:14:36,057 [INFO] [NOTIFICACION] ??  ASFI Monitor ? 3 reportes FALTANTES: Fecha: 31/8/2026

  ? Estratificaci?n de Dep?sitos
  ? D001-D005 IF - Diario Encaje
  ? D012 - Cr?di
2026-09-01 13:14:44,588 [INFO] Resumen: 12 exitosos | 0 pendientes | 0 errores | 3 faltantes
2026-09-01 13:14:44,590 [INFO] Revisión completada. Próxima en 15 min.
2026-09-01 13:16:45,866 [INFO] ============================================================
2026-09-01 13:16:45,866 [INFO] ASFI SCIP Monitor iniciado
2026-09-01 13:16:45,866 [INFO]   Usuario  : thomas.clavijo@comarapa.coop
2026-09-01 13:16:45,867 [INFO]   Intervalo: 15 minutos
2026-09-01 13:16:45,867 [INFO]   Headless : False
2026-09-01 13:16:45,867 [INFO]   Días atrás: 1
2026-09-01 13:16:45,867 [INFO] ============================================================
2026-09-01 13:16:46,030 [INFO] ============================================================
2026-09-01 13:16:46,031 [INFO] Iniciando revisión: 2026-09-01 13:16:46
2026-09-01 13:16:46,032 [INFO] Fecha a consultar: 31/8/2026 (ayer)
2026-09-01 13:16:46,865 [INFO] Iniciando navegador Chromium...
2026-09-01 13:16:48,471 [INFO] Abriendo login: https://appweb.asfi.gob.bo/SCIP/Login.aspx?ReturnUrl=%2fSCIP%2fmControlPlazos%2fControlPlazos.aspx
2026-09-01 13:16:51,525 [INFO] Ingresando credenciales...
2026-09-01 13:16:52,299 [INFO] Enviando formulario de login...
2026-09-01 13:16:55,943 [INFO] URL después del login: https://appweb.asfi.gob.bo/SCIP/Default.aspx
2026-09-01 13:16:55,944 [INFO] ✅ Login exitoso
2026-09-01 13:16:55,944 [INFO] Navegando a 'Control de Envios' en el menú principal...
2026-09-01 13:16:57,807 [INFO] URL tras click menú principal: https://appweb.asfi.gob.bo/SCIP/mControlPlazos/Default.aspx
2026-09-01 13:16:57,808 [INFO] Navegando a 'Envios' en el menú lateral...
2026-09-01 13:17:02,304 [INFO] URL tras click menú lateral: https://appweb.asfi.gob.bo/SCIP/mControlPlazos/ControlPlazos.aspx
2026-09-01 13:17:02,304 [INFO] Configurando Fecha Corte Inicial: 31/8/2026
2026-09-01 13:17:04,870 [INFO] Configurando Fecha Corte Final: 31/8/2026
2026-09-01 13:17:07,353 [INFO] Ejecutando búsqueda...
2026-09-01 13:17:12,944 [INFO] Extrayendo datos de la tabla...
2026-09-01 13:17:12,945 [INFO] Procesando página 1 de la tabla...
2026-09-01 13:17:13,035 [INFO]   Filas encontradas en página 1: 10
2026-09-01 13:17:13,459 [INFO]   Haciendo clic en 'Siguiente' (página 1 → 2)...
2026-09-01 13:17:14,517 [INFO] Procesando página 2 de la tabla...
2026-09-01 13:17:14,560 [INFO]   Filas encontradas en página 2: 2
2026-09-01 13:17:14,666 [INFO] No hay más páginas. Total registros extraídos: 12
2026-09-01 13:17:15,050 [INFO] Navegador cerrado.
2026-09-01 13:17:15,072 [INFO] Validando reportes esperados para 31/8/2026...
2026-09-01 13:17:15,072 [WARNING] ⚠️  Reportes diarios FALTANTES: ['Estratificación de Depósitos', 'D001-D005 IF - Diario Encaje', 'D012 - Créditos refinanciados y/o reprogramados']
2026-09-01 13:17:15,073 [INFO] Resumen: 12 exitosos | 0 pendientes | 0 errores | 3 faltantes
2026-09-01 13:17:15,074 [INFO] Revisión completada. Próxima en 15 min.
2026-09-01 13:39:39,274 [INFO] ============================================================
2026-09-01 13:39:39,275 [INFO] ASFI SCIP Monitor iniciado
2026-09-01 13:39:39,275 [INFO]   Usuario  : thomas.clavijo@comarapa.coop
2026-09-01 13:39:39,275 [INFO]   Intervalo: 15 minutos
2026-09-01 13:39:39,275 [INFO]   Headless : False
2026-09-01 13:39:39,276 [INFO]   Días atrás: 1
2026-09-01 13:39:39,276 [INFO] ============================================================
2026-09-01 13:39:39,445 [INFO] ============================================================
2026-09-01 13:39:39,445 [INFO] Iniciando revisión: 2026-09-01 13:39:39
2026-09-01 13:39:39,446 [INFO] Fecha a consultar: 31/8/2026 (ayer)
2026-09-01 13:39:40,752 [INFO] Iniciando navegador Chromium...
2026-09-01 13:39:44,096 [INFO] Abriendo login: https://appweb.asfi.gob.bo/SCIP/Login.aspx?ReturnUrl=%2fSCIP%2fmControlPlazos%2fControlPlazos.aspx
2026-09-01 13:39:47,134 [INFO] Ingresando credenciales...
2026-09-01 13:39:47,867 [INFO] Enviando formulario de login...
2026-09-01 13:39:51,545 [INFO] URL después del login: https://appweb.asfi.gob.bo/SCIP/Default.aspx
2026-09-01 13:39:51,546 [INFO] ✅ Login exitoso
2026-09-01 13:39:51,548 [INFO] Navegando a 'Control de Envios' en el menú principal...
2026-09-01 13:39:53,413 [INFO] URL tras click menú principal: https://appweb.asfi.gob.bo/SCIP/mControlPlazos/Default.aspx
2026-09-01 13:39:53,414 [INFO] Navegando a 'Envios' en el menú lateral...
2026-09-01 13:39:57,790 [INFO] URL tras click menú lateral: https://appweb.asfi.gob.bo/SCIP/mControlPlazos/ControlPlazos.aspx
2026-09-01 13:39:57,791 [INFO] Configurando Fecha Corte Inicial: 31/8/2026
2026-09-01 13:40:00,417 [INFO] Configurando Fecha Corte Final: 31/8/2026
2026-09-01 13:40:02,836 [INFO] Ejecutando búsqueda...
2026-09-01 13:40:08,351 [INFO] Extrayendo datos de la tabla...
2026-09-01 13:40:08,351 [INFO] Procesando página 1 de la tabla...
2026-09-01 13:40:08,452 [INFO]   Filas encontradas en página 1: 10
2026-09-01 13:40:08,895 [INFO]   Haciendo clic en 'Siguiente' (página 1 → 2)...
2026-09-01 13:40:09,938 [INFO] Procesando página 2 de la tabla...
2026-09-01 13:40:09,956 [INFO]   Filas encontradas en página 2: 2
2026-09-01 13:40:10,049 [INFO] No hay más páginas. Total registros extraídos: 12
2026-09-01 13:40:10,449 [INFO] Navegador cerrado.
2026-09-01 13:40:10,487 [INFO] Validando reportes esperados para 31/8/2026...
2026-09-01 13:40:10,487 [WARNING] ⚠️  Reportes diarios FALTANTES: ['Estratificación de Depósitos', 'D001-D005 IF - Diario Encaje', 'D012 - Créditos refinanciados y/o reprogramados']
2026-09-01 13:40:10,488 [INFO] Resumen: 12 exitosos | 0 pendientes | 0 errores | 3 faltantes
2026-09-01 13:40:10,489 [INFO] Revisión completada. Próxima en 15 min.
2026-09-01 13:45:41,052 [INFO] ============================================================
2026-09-01 13:45:41,052 [INFO] ASFI SCIP Monitor iniciado
2026-09-01 13:45:41,053 [INFO]   Usuario  : thomas.clavijo@comarapa.coop
2026-09-01 13:45:41,053 [INFO]   Intervalo: 15 minutos
2026-09-01 13:45:41,053 [INFO]   Headless : True
2026-09-01 13:45:41,053 [INFO]   Días atrás: 1
2026-09-01 13:45:41,053 [INFO] ============================================================
2026-09-01 13:45:41,261 [INFO] ============================================================
2026-09-01 13:45:41,261 [INFO] Iniciando revisión: 2026-09-01 13:45:41
2026-09-01 13:45:41,262 [INFO] Fecha a consultar: 31/8/2026 (ayer)
2026-09-01 13:45:42,857 [INFO] Iniciando navegador Chromium...
2026-09-01 13:45:51,972 [INFO] Abriendo login: https://appweb.asfi.gob.bo/SCIP/Login.aspx?ReturnUrl=%2fSCIP%2fmControlPlazos%2fControlPlazos.aspx
2026-09-01 13:45:58,409 [INFO] Ingresando credenciales...
2026-09-01 13:45:59,140 [INFO] Enviando formulario de login...
2026-09-01 13:46:02,940 [INFO] URL después del login: https://appweb.asfi.gob.bo/SCIP/Default.aspx
2026-09-01 13:46:02,941 [INFO] ✅ Login exitoso
2026-09-01 13:46:02,941 [INFO] Navegando a 'Control de Envios' en el menú principal...
2026-09-01 13:46:04,731 [INFO] URL tras click menú principal: https://appweb.asfi.gob.bo/SCIP/mControlPlazos/Default.aspx
2026-09-01 13:46:04,731 [INFO] Navegando a 'Envios' en el menú lateral...
2026-09-01 13:46:08,846 [INFO] URL tras click menú lateral: https://appweb.asfi.gob.bo/SCIP/mControlPlazos/ControlPlazos.aspx
2026-09-01 13:46:08,846 [INFO] Configurando Fecha Corte Inicial: 31/8/2026
2026-09-01 13:46:11,259 [INFO] Configurando Fecha Corte Final: 31/8/2026
2026-09-01 13:46:13,651 [INFO] Ejecutando búsqueda...
2026-09-01 13:46:19,065 [INFO] Extrayendo datos de la tabla...
2026-09-01 13:46:19,065 [INFO] Procesando página 1 de la tabla...
2026-09-01 13:46:19,158 [INFO]   Filas encontradas en página 1: 10
2026-09-01 13:46:19,801 [INFO]   Haciendo clic en 'Siguiente' (página 1 → 2)...
2026-09-01 13:46:20,858 [INFO] Procesando página 2 de la tabla...
2026-09-01 13:46:20,876 [INFO]   Filas encontradas en página 2: 2
2026-09-01 13:46:20,991 [INFO] No hay más páginas. Total registros extraídos: 12
2026-09-01 13:46:21,094 [INFO] Navegador cerrado.
2026-09-01 13:46:21,122 [INFO] Validando reportes esperados para 31/8/2026...
2026-09-01 13:46:21,123 [WARNING] ⚠️  Reportes diarios FALTANTES: ['Estratificación de Depósitos', 'D001-D005 IF - Diario Encaje', 'D012 - Créditos refinanciados y/o reprogramados']
2026-09-01 13:46:21,123 [INFO] [NOTIFICACION] ??  ASFI Monitor ? 3 reportes FALTANTES: Fecha: 31/8/2026

  ? Estratificaci?n de Dep?sitos
  ? D001-D005 IF - Diario Encaje
  ? D012 - Cr?di
2026-09-01 13:46:27,459 [INFO] Resumen: 12 exitosos | 0 pendientes | 0 errores | 3 faltantes
2026-09-01 13:46:27,460 [INFO] Revisión completada. Próxima en 15 min.
2026-09-01 13:46:27,792 [INFO] ============================================================
2026-09-01 13:46:27,793 [INFO] ASFI SCIP Monitor iniciado
2026-09-01 13:46:27,793 [INFO]   Usuario  : thomas.clavijo@comarapa.coop
2026-09-01 13:46:27,793 [INFO]   Intervalo: 15 minutos
2026-09-01 13:46:27,793 [INFO]   Headless : True
2026-09-01 13:46:27,793 [INFO]   Días atrás: 1
2026-09-01 13:46:27,794 [INFO] ============================================================
2026-09-01 13:46:28,035 [INFO] ============================================================
2026-09-01 13:46:28,036 [INFO] Iniciando revisión: 2026-09-01 13:46:28
2026-09-01 13:46:28,037 [INFO] Fecha a consultar: 31/8/2026 (ayer)
2026-09-01 13:46:29,380 [INFO] Iniciando navegador Chromium...
2026-09-01 13:46:37,961 [INFO] Abriendo login: https://appweb.asfi.gob.bo/SCIP/Login.aspx?ReturnUrl=%2fSCIP%2fmControlPlazos%2fControlPlazos.aspx
2026-09-01 13:46:41,686 [INFO] Ingresando credenciales...
2026-09-01 13:46:42,418 [INFO] Enviando formulario de login...
2026-09-01 13:46:46,389 [INFO] URL después del login: https://appweb.asfi.gob.bo/SCIP/Default.aspx
2026-09-01 13:46:46,389 [INFO] ✅ Login exitoso
2026-09-01 13:46:46,389 [INFO] Navegando a 'Control de Envios' en el menú principal...
2026-09-01 13:46:48,212 [INFO] URL tras click menú principal: https://appweb.asfi.gob.bo/SCIP/mControlPlazos/Default.aspx
2026-09-01 13:46:48,212 [INFO] Navegando a 'Envios' en el menú lateral...
2026-09-01 13:46:52,294 [INFO] URL tras click menú lateral: https://appweb.asfi.gob.bo/SCIP/mControlPlazos/ControlPlazos.aspx
2026-09-01 13:46:52,294 [INFO] Configurando Fecha Corte Inicial: 31/8/2026
2026-09-01 13:46:54,777 [INFO] Configurando Fecha Corte Final: 31/8/2026
2026-09-01 13:46:57,139 [INFO] Ejecutando búsqueda...
2026-09-01 13:47:02,180 [INFO] Extrayendo datos de la tabla...
2026-09-01 13:47:02,180 [INFO] Procesando página 1 de la tabla...
2026-09-01 13:47:02,241 [INFO]   Filas encontradas en página 1: 10
2026-09-01 13:47:02,771 [INFO]   Haciendo clic en 'Siguiente' (página 1 → 2)...
2026-09-01 13:47:03,819 [INFO] Procesando página 2 de la tabla...
2026-09-01 13:47:03,841 [INFO]   Filas encontradas en página 2: 2
2026-09-01 13:47:03,936 [INFO] No hay más páginas. Total registros extraídos: 12
2026-09-01 13:47:04,033 [INFO] Navegador cerrado.
2026-09-01 13:47:04,052 [INFO] Validando reportes esperados para 31/8/2026...
2026-09-01 13:47:04,052 [WARNING] ⚠️  Reportes diarios FALTANTES: ['Estratificación de Depósitos', 'D001-D005 IF - Diario Encaje', 'D012 - Créditos refinanciados y/o reprogramados']
2026-09-01 13:47:04,053 [INFO] [NOTIFICACION] ??  ASFI Monitor ? 3 reportes FALTANTES: Fecha: 31/8/2026

  ? Estratificaci?n de Dep?sitos
  ? D001-D005 IF - Diario Encaje
  ? D012 - Cr?di
2026-09-01 13:47:08,147 [INFO] Resumen: 12 exitosos | 0 pendientes | 0 errores | 3 faltantes
2026-09-01 13:47:08,150 [INFO] Revisión completada. Próxima en 15 min.
2026-09-01 13:47:27,462 [INFO] ============================================================
2026-09-01 13:47:27,462 [INFO] ASFI SCIP Monitor iniciado
2026-09-01 13:47:27,462 [INFO]   Usuario  : thomas.clavijo@comarapa.coop
2026-09-01 13:47:27,462 [INFO]   Intervalo: 15 minutos
2026-09-01 13:47:27,462 [INFO]   Headless : False
2026-09-01 13:47:27,463 [INFO]   Días atrás: 1
2026-09-01 13:47:27,463 [INFO] ============================================================
2026-09-01 13:47:27,625 [INFO] ============================================================
2026-09-01 13:47:27,625 [INFO] Iniciando revisión: 2026-09-01 13:47:27
2026-09-01 13:47:27,627 [INFO] Fecha a consultar: 31/8/2026 (ayer)
2026-09-01 13:47:28,815 [INFO] Iniciando navegador Chromium...
2026-09-01 13:47:30,751 [INFO] Abriendo login: https://appweb.asfi.gob.bo/SCIP/Login.aspx?ReturnUrl=%2fSCIP%2fmControlPlazos%2fControlPlazos.aspx
2026-09-01 13:47:33,835 [INFO] Ingresando credenciales...
2026-09-01 13:47:34,604 [INFO] Enviando formulario de login...
2026-09-01 13:47:38,260 [INFO] URL después del login: https://appweb.asfi.gob.bo/SCIP/Default.aspx
2026-09-01 13:47:38,261 [INFO] ✅ Login exitoso
2026-09-01 13:47:38,262 [INFO] Navegando a 'Control de Envios' en el menú principal...
2026-09-01 13:47:40,126 [INFO] URL tras click menú principal: https://appweb.asfi.gob.bo/SCIP/mControlPlazos/Default.aspx
2026-09-01 13:47:40,127 [INFO] Navegando a 'Envios' en el menú lateral...
2026-09-01 13:47:44,525 [INFO] URL tras click menú lateral: https://appweb.asfi.gob.bo/SCIP/mControlPlazos/ControlPlazos.aspx
2026-09-01 13:47:44,526 [INFO] Configurando Fecha Corte Inicial: 31/8/2026
2026-09-01 13:47:47,134 [INFO] Configurando Fecha Corte Final: 31/8/2026
2026-09-01 13:47:49,605 [INFO] Ejecutando búsqueda...
2026-09-01 13:47:55,039 [INFO] Extrayendo datos de la tabla...
2026-09-01 13:47:55,040 [INFO] Procesando página 1 de la tabla...
2026-09-01 13:47:55,130 [INFO]   Filas encontradas en página 1: 10
2026-09-01 13:47:55,552 [INFO]   Haciendo clic en 'Siguiente' (página 1 → 2)...
2026-09-01 13:47:56,628 [INFO] Procesando página 2 de la tabla...
2026-09-01 13:47:56,665 [INFO]   Filas encontradas en página 2: 2
2026-09-01 13:47:56,767 [INFO] No hay más páginas. Total registros extraídos: 12
2026-09-01 13:47:57,195 [INFO] Navegador cerrado.
2026-09-01 13:47:57,219 [INFO] Validando reportes esperados para 31/8/2026...
2026-09-01 13:47:57,220 [WARNING] ⚠️  Reportes diarios FALTANTES: ['Estratificación de Depósitos', 'D001-D005 IF - Diario Encaje', 'D012 - Créditos refinanciados y/o reprogramados']
2026-09-01 13:47:57,220 [INFO] [NOTIFICACION] ??  ASFI Monitor ? 3 reportes FALTANTES: Fecha: 31/8/2026

  ? Estratificaci?n de Dep?sitos
  ? D001-D005 IF - Diario Encaje
  ? D012 - Cr?di
2026-09-01 13:48:05,570 [INFO] Resumen: 12 exitosos | 0 pendientes | 0 errores | 3 faltantes
2026-09-01 13:48:05,574 [INFO] Revisión completada. Próxima en 15 min.
2026-09-01 13:53:04,198 [INFO] ============================================================
2026-09-01 13:53:04,198 [INFO] ASFI SCIP Monitor iniciado
2026-09-01 13:53:04,199 [INFO]   Usuario  : thomas.clavijo@comarapa.coop
2026-09-01 13:53:04,199 [INFO]   Intervalo: 15 minutos
2026-09-01 13:53:04,199 [INFO]   Headless : True
2026-09-01 13:53:04,199 [INFO]   Días atrás: 1
2026-09-01 13:53:04,199 [INFO] ============================================================
2026-09-01 13:53:04,422 [INFO] ============================================================
2026-09-01 13:53:04,423 [INFO] Iniciando revisión: 2026-09-01 13:53:04
2026-09-01 13:53:04,424 [INFO] Fecha a consultar: 31/8/2026 (ayer)
2026-09-01 13:53:05,887 [INFO] Iniciando navegador Chromium...
2026-09-01 13:53:14,174 [INFO] Abriendo login: https://appweb.asfi.gob.bo/SCIP/Login.aspx?ReturnUrl=%2fSCIP%2fmControlPlazos%2fControlPlazos.aspx
2026-09-01 13:53:17,565 [INFO] Ingresando credenciales...
2026-09-01 13:53:18,280 [INFO] Enviando formulario de login...
2026-09-01 13:53:21,993 [INFO] URL después del login: https://appweb.asfi.gob.bo/SCIP/Default.aspx
2026-09-01 13:53:21,993 [INFO] ✅ Login exitoso
2026-09-01 13:53:21,993 [INFO] Navegando a 'Control de Envios' en el menú principal...
2026-09-01 13:53:23,810 [INFO] URL tras click menú principal: https://appweb.asfi.gob.bo/SCIP/mControlPlazos/Default.aspx
2026-09-01 13:53:23,810 [INFO] Navegando a 'Envios' en el menú lateral...
2026-09-01 13:53:27,806 [INFO] URL tras click menú lateral: https://appweb.asfi.gob.bo/SCIP/mControlPlazos/ControlPlazos.aspx
2026-09-01 13:53:27,806 [INFO] Configurando Fecha Corte Inicial: 31/8/2026
2026-09-01 13:53:30,280 [INFO] Configurando Fecha Corte Final: 31/8/2026
2026-09-01 13:53:32,691 [INFO] Ejecutando búsqueda...
2026-09-01 13:53:37,649 [INFO] Extrayendo datos de la tabla...
2026-09-01 13:53:37,649 [INFO] Procesando página 1 de la tabla...
2026-09-01 13:53:37,705 [INFO]   Filas encontradas en página 1: 10
2026-09-01 13:53:38,205 [INFO]   Haciendo clic en 'Siguiente' (página 1 → 2)...
2026-09-01 13:53:39,257 [INFO] Procesando página 2 de la tabla...
2026-09-01 13:53:39,273 [INFO]   Filas encontradas en página 2: 2
2026-09-01 13:53:39,375 [INFO] No hay más páginas. Total registros extraídos: 12
2026-09-01 13:53:39,466 [INFO] Navegador cerrado.
2026-09-01 13:53:39,484 [INFO] Validando reportes esperados para 31/8/2026...
2026-09-01 13:53:39,485 [WARNING] ⚠️  Reportes diarios FALTANTES: ['Estratificación de Depósitos', 'D001-D005 IF - Diario Encaje', 'D012 - Créditos refinanciados y/o reprogramados']
2026-09-01 13:53:39,485 [INFO] [NOTIFICACION] ??  ASFI Monitor ? 3 reportes FALTANTES: Fecha: 31/8/2026

  ? Estratificaci?n de Dep?sitos
  ? D001-D005 IF - Diario Encaje
  ? D012 - Cr?di
2026-09-01 13:53:39,485 [INFO] [URGENTE] Enviando notificación por múltiples métodos...
2026-09-01 13:53:49,500 [INFO] Resumen: 12 exitosos | 0 pendientes | 0 errores | 3 faltantes
2026-09-01 13:53:49,503 [INFO] Revisión completada. Próxima en 15 min.
2026-09-01 14:32:33,106 [INFO] ============================================================
2026-09-01 14:32:33,106 [INFO] ASFI SCIP Monitor iniciado
2026-09-01 14:32:33,107 [INFO]   Usuario  : thomas.clavijo@comarapa.coop
2026-09-01 14:32:33,107 [INFO]   Intervalo: 15 minutos
2026-09-01 14:32:33,107 [INFO]   Headless : False
2026-09-01 14:32:33,107 [INFO]   Días atrás: 1
2026-09-01 14:32:33,107 [INFO] ============================================================
2026-09-01 14:32:33,386 [INFO] ============================================================
2026-09-01 14:32:33,387 [INFO] Iniciando revisión: 2026-09-01 14:32:33
2026-09-01 14:32:33,390 [INFO] Fecha a consultar: 31/8/2026 (ayer)
2026-09-01 14:32:35,048 [INFO] Iniciando navegador Chromium...
2026-09-01 14:32:38,252 [INFO] Abriendo login: https://appweb.asfi.gob.bo/SCIP/Login.aspx?ReturnUrl=%2fSCIP%2fmControlPlazos%2fControlPlazos.aspx
2026-09-01 14:32:41,418 [INFO] Ingresando credenciales...
2026-09-01 14:32:42,182 [INFO] Enviando formulario de login...
2026-09-01 14:32:46,068 [INFO] URL después del login: https://appweb.asfi.gob.bo/SCIP/Default.aspx
2026-09-01 14:32:46,069 [INFO] ✅ Login exitoso
2026-09-01 14:32:46,070 [INFO] Navegando a 'Control de Envios' en el menú principal...
2026-09-01 14:32:47,935 [INFO] URL tras click menú principal: https://appweb.asfi.gob.bo/SCIP/mControlPlazos/Default.aspx
2026-09-01 14:32:47,936 [INFO] Navegando a 'Envios' en el menú lateral...
2026-09-01 14:32:51,860 [INFO] URL tras click menú lateral: https://appweb.asfi.gob.bo/SCIP/mControlPlazos/ControlPlazos.aspx
2026-09-01 14:32:51,861 [INFO] Configurando Fecha Corte Inicial: 31/8/2026
2026-09-01 14:32:54,484 [INFO] Configurando Fecha Corte Final: 31/8/2026
2026-09-01 14:32:56,981 [INFO] Ejecutando búsqueda...
2026-09-01 14:33:02,535 [INFO] Extrayendo datos de la tabla...
2026-09-01 14:33:02,535 [INFO] Procesando página 1 de la tabla...
2026-09-01 14:33:02,601 [INFO]   Filas encontradas en página 1: 10
2026-09-01 14:33:03,041 [INFO]   Haciendo clic en 'Siguiente' (página 1 → 2)...
2026-09-01 14:33:04,095 [INFO] Procesando página 2 de la tabla...
2026-09-01 14:33:04,134 [INFO]   Filas encontradas en página 2: 2
2026-09-01 14:33:04,235 [INFO] No hay más páginas. Total registros extraídos: 12
2026-09-01 14:33:04,648 [INFO] Navegador cerrado.
2026-09-01 14:33:04,681 [INFO] Validando reportes esperados para 31/8/2026...
2026-09-01 14:33:04,682 [WARNING] ⚠️  Reportes diarios FALTANTES: ['Estratificación de Depósitos', 'D001-D005 IF - Diario Encaje', 'D012 - Créditos refinanciados y/o reprogramados']
2026-09-01 14:33:04,682 [INFO] [NOTIFICACION] ??  ASFI Monitor ? 3 reportes FALTANTES: Fecha: 31/8/2026

  ? Estratificaci?n de Dep?sitos
  ? D001-D005 IF - Diario Encaje
  ? D012 - Cr?di
2026-09-01 14:33:04,683 [INFO] [URGENTE] Enviando notificación por múltiples métodos...
2026-09-01 14:33:14,707 [INFO] Resumen: 12 exitosos | 0 pendientes | 0 errores | 3 faltantes
2026-09-01 14:33:14,711 [INFO] Revisión completada. Próxima en 15 min.
2026-09-01 14:59:23,610 [INFO] ============================================================
2026-09-01 14:59:23,611 [INFO] ASFI SCIP Monitor iniciado
2026-09-01 14:59:23,611 [INFO]   Usuario  : thomas.clavijo@comarapa.coop
2026-09-01 14:59:23,611 [INFO]   Intervalo: 15 minutos
2026-09-01 14:59:23,611 [INFO]   Headless : True
2026-09-01 14:59:23,611 [INFO]   Días atrás: 1
2026-09-01 14:59:23,612 [INFO] ============================================================
2026-09-01 14:59:23,795 [INFO] [NOTIFICACION] ASFI Monitor iniciado: Monitoreando reportes cada 15 min.
2026-09-01 14:59:31,596 [INFO] ============================================================
2026-09-01 14:59:31,596 [INFO] Iniciando revisión: 2026-09-01 14:59:31
2026-09-01 14:59:31,598 [INFO] Fecha a consultar: 31/8/2026 (ayer)
2026-09-01 14:59:33,250 [INFO] Iniciando navegador Chromium...
2026-09-01 14:59:42,515 [INFO] Abriendo login: https://appweb.asfi.gob.bo/SCIP/Login.aspx?ReturnUrl=%2fSCIP%2fmControlPlazos%2fControlPlazos.aspx
2026-09-01 14:59:47,846 [INFO] Ingresando credenciales...
2026-09-01 14:59:48,611 [INFO] Enviando formulario de login...
2026-09-01 14:59:52,192 [INFO] URL después del login: https://appweb.asfi.gob.bo/SCIP/Default.aspx
2026-09-01 14:59:52,193 [INFO] ✅ Login exitoso
2026-09-01 14:59:52,195 [INFO] Navegando a 'Control de Envios' en el menú principal...
2026-09-01 14:59:54,051 [INFO] URL tras click menú principal: https://appweb.asfi.gob.bo/SCIP/mControlPlazos/Default.aspx
2026-09-01 14:59:54,052 [INFO] Navegando a 'Envios' en el menú lateral...
2026-09-01 14:59:58,361 [INFO] URL tras click menú lateral: https://appweb.asfi.gob.bo/SCIP/mControlPlazos/ControlPlazos.aspx
2026-09-01 14:59:58,372 [INFO] Configurando Fecha Corte Inicial: 31/8/2026
2026-09-01 15:00:00,875 [INFO] Configurando Fecha Corte Final: 31/8/2026
2026-09-01 15:00:03,342 [INFO] Ejecutando búsqueda...
2026-09-01 15:00:09,191 [INFO] Extrayendo datos de la tabla...
2026-09-01 15:00:09,191 [INFO] Procesando página 1 de la tabla...
2026-09-01 15:00:09,292 [INFO]   Filas encontradas en página 1: 10
2026-09-01 15:00:09,897 [INFO]   Haciendo clic en 'Siguiente' (página 1 → 2)...
2026-09-01 15:00:10,953 [INFO] Procesando página 2 de la tabla...
2026-09-01 15:00:10,980 [INFO]   Filas encontradas en página 2: 2
2026-09-01 15:00:11,108 [INFO] No hay más páginas. Total registros extraídos: 12
2026-09-01 15:00:11,210 [INFO] Navegador cerrado.
2026-09-01 15:00:11,251 [INFO] Validando reportes esperados para 31/8/2026...
2026-09-01 15:00:11,252 [WARNING] ⚠️  Reportes diarios FALTANTES: ['Estratificación de Depósitos', 'D001-D005 IF - Diario Encaje', 'D012 - Créditos refinanciados y/o reprogramados']
2026-09-01 15:00:11,253 [INFO] [NOTIFICACION] ??  ASFI Monitor ? 3 reportes FALTANTES: Fecha: 31/8/2026

  ? Estratificaci?n de Dep?sitos
  ? D001-D005 IF - Diario Encaje
  ? D012 - Cr?di
2026-09-01 15:00:11,253 [INFO] [URGENTE] Enviando notificación por múltiples métodos...
2026-09-01 15:00:21,272 [INFO] Resumen: 12 exitosos | 0 pendientes | 0 errores | 3 faltantes
2026-09-01 15:00:21,276 [INFO] Revisión completada. Próxima en 15 min.
2026-09-01 15:00:21,277 [INFO] Scheduler activo. Revisando cada 15 minutos.
2026-09-01 15:00:21,278 [INFO] Presionar Ctrl+C para detener.
2026-09-01 15:15:21,319 [INFO] ============================================================
2026-09-01 15:15:21,325 [INFO] Iniciando revisión: 2026-09-01 15:15:21
2026-09-01 15:15:21,328 [INFO] Fecha a consultar: 31/8/2026 (ayer)
2026-09-01 15:15:22,983 [INFO] Iniciando navegador Chromium...
2026-09-01 15:15:34,372 [INFO] Abriendo login: https://appweb.asfi.gob.bo/SCIP/Login.aspx?ReturnUrl=%2fSCIP%2fmControlPlazos%2fControlPlazos.aspx
2026-09-01 15:15:39,968 [INFO] Ingresando credenciales...
2026-09-01 15:15:40,731 [INFO] Enviando formulario de login...
2026-09-01 15:15:44,701 [INFO] URL después del login: https://appweb.asfi.gob.bo/SCIP/Default.aspx
2026-09-01 15:15:44,702 [INFO] ✅ Login exitoso
2026-09-01 15:15:44,702 [INFO] Navegando a 'Control de Envios' en el menú principal...
2026-09-01 15:15:46,790 [INFO] URL tras click menú principal: https://appweb.asfi.gob.bo/SCIP/mControlPlazos/Default.aspx
2026-09-01 15:15:46,793 [INFO] Navegando a 'Envios' en el menú lateral...
2026-09-01 15:15:51,145 [INFO] URL tras click menú lateral: https://appweb.asfi.gob.bo/SCIP/mControlPlazos/ControlPlazos.aspx
2026-09-01 15:15:51,145 [INFO] Configurando Fecha Corte Inicial: 31/8/2026
2026-09-01 15:15:53,617 [INFO] Configurando Fecha Corte Final: 31/8/2026
2026-09-01 15:15:55,945 [INFO] Ejecutando búsqueda...
2026-09-01 15:16:00,984 [INFO] Extrayendo datos de la tabla...
2026-09-01 15:16:00,985 [INFO] Procesando página 1 de la tabla...
2026-09-01 15:16:01,069 [INFO]   Filas encontradas en página 1: 10
2026-09-01 15:16:01,685 [INFO]   Haciendo clic en 'Siguiente' (página 1 → 2)...
2026-09-01 15:16:02,748 [INFO] Procesando página 2 de la tabla...
2026-09-01 15:16:02,764 [INFO]   Filas encontradas en página 2: 3
2026-09-01 15:16:02,954 [INFO] No hay más páginas. Total registros extraídos: 13
2026-09-01 15:16:03,119 [INFO] Navegador cerrado.
2026-09-01 15:16:03,197 [INFO] Validando reportes esperados para 31/8/2026...
2026-09-01 15:16:03,197 [WARNING] ⚠️  Reportes diarios FALTANTES: ['Estratificación de Depósitos', 'D001-D005 IF - Diario Encaje']
2026-09-01 15:16:03,198 [INFO] [NOTIFICACION] ??  ASFI Monitor ? 2 reportes FALTANTES: Fecha: 31/8/2026

  ? Estratificaci?n de Dep?sitos
  ? D001-D005 IF - Diario Encaje
2026-09-01 15:16:03,199 [INFO] [URGENTE] Enviando notificación por múltiples métodos...
2026-09-01 15:16:13,225 [INFO] Resumen: 13 exitosos | 0 pendientes | 0 errores | 2 faltantes
2026-09-01 15:16:13,227 [INFO] Revisión completada. Próxima en 15 min.
2026-09-01 15:31:13,270 [INFO] ============================================================
2026-09-01 15:31:13,271 [INFO] Iniciando revisión: 2026-09-01 15:31:13
2026-09-01 15:31:13,272 [INFO] Fecha a consultar: 31/8/2026 (ayer)
2026-09-01 15:31:15,055 [INFO] Iniciando navegador Chromium...
2026-09-01 15:31:28,455 [INFO] Abriendo login: https://appweb.asfi.gob.bo/SCIP/Login.aspx?ReturnUrl=%2fSCIP%2fmControlPlazos%2fControlPlazos.aspx
2026-09-01 15:31:34,882 [INFO] Ingresando credenciales...
2026-09-01 15:31:35,651 [INFO] Enviando formulario de login...
2026-09-01 15:31:39,515 [INFO] URL después del login: https://appweb.asfi.gob.bo/SCIP/Default.aspx
2026-09-01 15:31:39,516 [INFO] ✅ Login exitoso
2026-09-01 15:31:39,517 [INFO] Navegando a 'Control de Envios' en el menú principal...
2026-09-01 15:31:41,466 [INFO] URL tras click menú principal: https://appweb.asfi.gob.bo/SCIP/mControlPlazos/Default.aspx
2026-09-01 15:31:41,468 [INFO] Navegando a 'Envios' en el menú lateral...
2026-09-01 15:31:45,527 [INFO] URL tras click menú lateral: https://appweb.asfi.gob.bo/SCIP/mControlPlazos/ControlPlazos.aspx
2026-09-01 15:31:45,527 [INFO] Configurando Fecha Corte Inicial: 31/8/2026
2026-09-01 15:31:47,975 [INFO] Configurando Fecha Corte Final: 31/8/2026
2026-09-01 15:31:50,461 [INFO] Ejecutando búsqueda...
2026-09-01 15:31:55,492 [INFO] Extrayendo datos de la tabla...
2026-09-01 15:31:55,492 [INFO] Procesando página 1 de la tabla...
2026-09-01 15:31:55,572 [INFO]   Filas encontradas en página 1: 10
2026-09-01 15:31:56,189 [INFO]   Haciendo clic en 'Siguiente' (página 1 → 2)...
2026-09-01 15:31:57,266 [INFO] Procesando página 2 de la tabla...
2026-09-01 15:31:57,283 [INFO]   Filas encontradas en página 2: 3
2026-09-01 15:31:57,518 [INFO] No hay más páginas. Total registros extraídos: 13
2026-09-01 15:31:57,683 [INFO] Navegador cerrado.
2026-09-01 15:31:57,734 [INFO] Validando reportes esperados para 31/8/2026...
2026-09-01 15:31:57,734 [WARNING] ⚠️  Reportes diarios FALTANTES: ['Estratificación de Depósitos', 'D001-D005 IF - Diario Encaje']
2026-09-01 15:31:57,734 [INFO] [NOTIFICACION] ??  ASFI Monitor ? 2 reportes FALTANTES: Fecha: 31/8/2026

  ? Estratificaci?n de Dep?sitos
  ? D001-D005 IF - Diario Encaje
2026-09-01 15:31:57,735 [INFO] [URGENTE] Enviando notificación por múltiples métodos...
2026-09-01 15:32:07,748 [INFO] Resumen: 13 exitosos | 0 pendientes | 0 errores | 2 faltantes
2026-09-01 15:32:07,753 [INFO] Revisión completada. Próxima en 15 min.
2026-09-01 15:47:07,856 [INFO] ============================================================
2026-09-01 15:47:07,880 [INFO] Iniciando revisión: 2026-09-01 15:47:07
2026-09-01 15:47:07,901 [INFO] Fecha a consultar: 31/8/2026 (ayer)
2026-09-01 15:47:10,121 [INFO] Iniciando navegador Chromium...
2026-09-01 15:47:23,319 [INFO] Abriendo login: https://appweb.asfi.gob.bo/SCIP/Login.aspx?ReturnUrl=%2fSCIP%2fmControlPlazos%2fControlPlazos.aspx
2026-09-01 15:47:29,463 [INFO] Ingresando credenciales...
2026-09-01 15:47:30,230 [INFO] Enviando formulario de login...
2026-09-01 15:47:34,535 [INFO] URL después del login: https://appweb.asfi.gob.bo/SCIP/Default.aspx
2026-09-01 15:47:34,535 [INFO] ✅ Login exitoso
2026-09-01 15:47:34,536 [INFO] Navegando a 'Control de Envios' en el menú principal...
2026-09-01 15:47:36,342 [INFO] URL tras click menú principal: https://appweb.asfi.gob.bo/SCIP/mControlPlazos/Default.aspx
2026-09-01 15:47:36,343 [INFO] Navegando a 'Envios' en el menú lateral...
2026-09-01 15:47:40,902 [INFO] URL tras click menú lateral: https://appweb.asfi.gob.bo/SCIP/mControlPlazos/ControlPlazos.aspx
2026-09-01 15:47:40,922 [INFO] Configurando Fecha Corte Inicial: 31/8/2026
2026-09-01 15:47:43,429 [INFO] Configurando Fecha Corte Final: 31/8/2026
2026-09-01 15:47:46,833 [INFO] Ejecutando búsqueda...
2026-09-01 15:47:52,151 [INFO] Extrayendo datos de la tabla...
2026-09-01 15:47:52,151 [INFO] Procesando página 1 de la tabla...
2026-09-01 15:47:52,258 [INFO]   Filas encontradas en página 1: 10
2026-09-01 15:47:52,971 [INFO]   Haciendo clic en 'Siguiente' (página 1 → 2)...
2026-09-01 15:47:54,055 [INFO] Procesando página 2 de la tabla...
2026-09-01 15:47:54,069 [INFO]   Filas encontradas en página 2: 3
2026-09-01 15:47:54,241 [INFO] No hay más páginas. Total registros extraídos: 13
2026-09-01 15:47:54,397 [INFO] Navegador cerrado.
2026-09-01 15:47:54,443 [INFO] Validando reportes esperados para 31/8/2026...
2026-09-01 15:47:54,444 [WARNING] ⚠️  Reportes diarios FALTANTES: ['Estratificación de Depósitos', 'D001-D005 IF - Diario Encaje']
2026-09-01 15:47:54,445 [INFO] [NOTIFICACION] ??  ASFI Monitor ? 2 reportes FALTANTES: Fecha: 31/8/2026

  ? Estratificaci?n de Dep?sitos
  ? D001-D005 IF - Diario Encaje
2026-09-01 15:47:54,446 [INFO] [URGENTE] Enviando notificación por múltiples métodos...
2026-09-01 15:48:04,483 [INFO] Resumen: 13 exitosos | 0 pendientes | 0 errores | 2 faltantes
2026-09-01 15:48:04,485 [INFO] Revisión completada. Próxima en 15 min.
2026-09-01 16:03:04,605 [INFO] ============================================================
2026-09-01 16:03:04,635 [INFO] Iniciando revisión: 2026-09-01 16:03:04
2026-09-01 16:03:04,660 [INFO] Fecha a consultar: 31/8/2026 (ayer)
2026-09-01 16:03:06,133 [INFO] Iniciando navegador Chromium...
2026-09-01 16:03:14,973 [INFO] Abriendo login: https://appweb.asfi.gob.bo/SCIP/Login.aspx?ReturnUrl=%2fSCIP%2fmControlPlazos%2fControlPlazos.aspx
2026-09-01 16:03:20,339 [INFO] Ingresando credenciales...
2026-09-01 16:03:21,084 [INFO] Enviando formulario de login...
2026-09-01 16:03:24,808 [INFO] URL después del login: https://appweb.asfi.gob.bo/SCIP/Default.aspx
2026-09-01 16:03:24,809 [INFO] ✅ Login exitoso
2026-09-01 16:03:24,810 [INFO] Navegando a 'Control de Envios' en el menú principal...
2026-09-01 16:03:26,613 [INFO] URL tras click menú principal: https://appweb.asfi.gob.bo/SCIP/mControlPlazos/Default.aspx
2026-09-01 16:03:26,614 [INFO] Navegando a 'Envios' en el menú lateral...
2026-09-01 16:03:30,583 [INFO] URL tras click menú lateral: https://appweb.asfi.gob.bo/SCIP/mControlPlazos/ControlPlazos.aspx
2026-09-01 16:03:30,583 [INFO] Configurando Fecha Corte Inicial: 31/8/2026
2026-09-01 16:03:33,139 [INFO] Configurando Fecha Corte Final: 31/8/2026
2026-09-01 16:03:35,650 [INFO] Ejecutando búsqueda...
2026-09-01 16:03:41,059 [INFO] Extrayendo datos de la tabla...
2026-09-01 16:03:41,060 [INFO] Procesando página 1 de la tabla...
2026-09-01 16:03:41,165 [INFO]   Filas encontradas en página 1: 10
2026-09-01 16:03:41,597 [INFO]   Haciendo clic en 'Siguiente' (página 1 → 2)...
2026-09-01 16:03:42,627 [INFO] Procesando página 2 de la tabla...
2026-09-01 16:03:42,661 [INFO]   Filas encontradas en página 2: 3
2026-09-01 16:03:42,800 [INFO] No hay más páginas. Total registros extraídos: 13
2026-09-01 16:03:42,881 [INFO] Navegador cerrado.
2026-09-01 16:03:42,906 [INFO] Validando reportes esperados para 31/8/2026...
2026-09-01 16:03:42,906 [WARNING] ⚠️  Reportes diarios FALTANTES: ['Estratificación de Depósitos', 'D001-D005 IF - Diario Encaje']
2026-09-01 16:03:42,906 [INFO] [NOTIFICACION] ??  ASFI Monitor ? 2 reportes FALTANTES: Fecha: 31/8/2026

  ? Estratificaci?n de Dep?sitos
  ? D001-D005 IF - Diario Encaje
2026-09-01 16:03:42,907 [INFO] [URGENTE] Enviando notificación por múltiples métodos...
2026-09-01 16:03:52,921 [INFO] Resumen: 13 exitosos | 0 pendientes | 0 errores | 2 faltantes
2026-09-01 16:03:52,924 [INFO] Revisión completada. Próxima en 15 min.
2026-09-01 16:18:52,939 [INFO] ============================================================
2026-09-01 16:18:52,941 [INFO] Iniciando revisión: 2026-09-01 16:18:52
2026-09-01 16:18:52,944 [INFO] Fecha a consultar: 31/8/2026 (ayer)
2026-09-01 16:18:54,116 [INFO] Iniciando navegador Chromium...
2026-09-01 16:19:01,977 [INFO] Abriendo login: https://appweb.asfi.gob.bo/SCIP/Login.aspx?ReturnUrl=%2fSCIP%2fmControlPlazos%2fControlPlazos.aspx
2026-09-01 16:19:07,361 [INFO] Ingresando credenciales...
2026-09-01 16:19:08,089 [INFO] Enviando formulario de login...
2026-09-01 16:19:11,906 [INFO] URL después del login: https://appweb.asfi.gob.bo/SCIP/Default.aspx
2026-09-01 16:19:11,906 [INFO] ✅ Login exitoso
2026-09-01 16:19:11,907 [INFO] Navegando a 'Control de Envios' en el menú principal...
2026-09-01 16:19:13,722 [INFO] URL tras click menú principal: https://appweb.asfi.gob.bo/SCIP/mControlPlazos/Default.aspx
2026-09-01 16:19:13,722 [INFO] Navegando a 'Envios' en el menú lateral...
2026-09-01 16:19:17,643 [INFO] URL tras click menú lateral: https://appweb.asfi.gob.bo/SCIP/mControlPlazos/ControlPlazos.aspx
2026-09-01 16:19:17,644 [INFO] Configurando Fecha Corte Inicial: 31/8/2026
2026-09-01 16:19:20,155 [INFO] Configurando Fecha Corte Final: 31/8/2026
2026-09-01 16:19:22,552 [INFO] Ejecutando búsqueda...
2026-09-01 16:19:27,921 [INFO] Extrayendo datos de la tabla...
2026-09-01 16:19:27,922 [INFO] Procesando página 1 de la tabla...
2026-09-01 16:19:28,008 [INFO]   Filas encontradas en página 1: 10
2026-09-01 16:19:28,434 [INFO]   Haciendo clic en 'Siguiente' (página 1 → 2)...
2026-09-01 16:19:29,476 [INFO] Procesando página 2 de la tabla...
2026-09-01 16:19:29,499 [INFO]   Filas encontradas en página 2: 3
2026-09-01 16:19:29,650 [INFO] No hay más páginas. Total registros extraídos: 13
2026-09-01 16:19:29,734 [INFO] Navegador cerrado.
2026-09-01 16:19:29,754 [INFO] Validando reportes esperados para 31/8/2026...
2026-09-01 16:19:29,754 [WARNING] ⚠️  Reportes diarios FALTANTES: ['Estratificación de Depósitos', 'D001-D005 IF - Diario Encaje']
2026-09-01 16:19:29,754 [INFO] [NOTIFICACION] ??  ASFI Monitor ? 2 reportes FALTANTES: Fecha: 31/8/2026

  ? Estratificaci?n de Dep?sitos
  ? D001-D005 IF - Diario Encaje
2026-09-01 16:19:29,755 [INFO] [URGENTE] Enviando notificación por múltiples métodos...
2026-09-01 16:19:39,766 [INFO] Resumen: 13 exitosos | 0 pendientes | 0 errores | 2 faltantes
2026-09-01 16:19:39,768 [INFO] Revisión completada. Próxima en 15 min.
2026-09-01 16:34:39,788 [INFO] ============================================================
2026-09-01 16:34:39,788 [INFO] Iniciando revisión: 2026-09-01 16:34:39
2026-09-01 16:34:39,790 [INFO] Fecha a consultar: 31/8/2026 (ayer)
2026-09-01 16:34:40,986 [INFO] Iniciando navegador Chromium...
2026-09-01 16:34:50,189 [INFO] Abriendo login: https://appweb.asfi.gob.bo/SCIP/Login.aspx?ReturnUrl=%2fSCIP%2fmControlPlazos%2fControlPlazos.aspx
2026-09-01 16:34:55,548 [INFO] Ingresando credenciales...
2026-09-01 16:34:56,294 [INFO] Enviando formulario de login...
2026-09-01 16:35:00,064 [INFO] URL después del login: https://appweb.asfi.gob.bo/SCIP/Default.aspx
2026-09-01 16:35:00,065 [INFO] ✅ Login exitoso
2026-09-01 16:35:00,065 [INFO] Navegando a 'Control de Envios' en el menú principal...
2026-09-01 16:35:01,888 [INFO] URL tras click menú principal: https://appweb.asfi.gob.bo/SCIP/mControlPlazos/Default.aspx
2026-09-01 16:35:01,888 [INFO] Navegando a 'Envios' en el menú lateral...
2026-09-01 16:35:06,134 [INFO] URL tras click menú lateral: https://appweb.asfi.gob.bo/SCIP/mControlPlazos/ControlPlazos.aspx
2026-09-01 16:35:06,134 [INFO] Configurando Fecha Corte Inicial: 31/8/2026
2026-09-01 16:35:08,582 [INFO] Configurando Fecha Corte Final: 31/8/2026
2026-09-01 16:35:10,966 [INFO] Ejecutando búsqueda...
2026-09-01 16:35:16,472 [INFO] Extrayendo datos de la tabla...
2026-09-01 16:35:16,472 [INFO] Procesando página 1 de la tabla...
2026-09-01 16:35:16,526 [INFO]   Filas encontradas en página 1: 10
2026-09-01 16:35:17,017 [INFO]   Haciendo clic en 'Siguiente' (página 1 → 2)...
2026-09-01 16:35:18,059 [INFO] Procesando página 2 de la tabla...
2026-09-01 16:35:18,070 [INFO]   Filas encontradas en página 2: 3
2026-09-01 16:35:18,200 [INFO] No hay más páginas. Total registros extraídos: 13
2026-09-01 16:35:18,288 [INFO] Navegador cerrado.
2026-09-01 16:35:18,344 [INFO] Validando reportes esperados para 31/8/2026...
2026-09-01 16:35:18,344 [WARNING] ⚠️  Reportes diarios FALTANTES: ['Estratificación de Depósitos', 'D001-D005 IF - Diario Encaje']
2026-09-01 16:35:18,344 [INFO] [NOTIFICACION] ??  ASFI Monitor ? 2 reportes FALTANTES: Fecha: 31/8/2026

  ? Estratificaci?n de Dep?sitos
  ? D001-D005 IF - Diario Encaje
2026-09-01 16:35:18,344 [INFO] [URGENTE] Enviando notificación por múltiples métodos...
2026-09-01 16:35:28,360 [INFO] Resumen: 13 exitosos | 0 pendientes | 0 errores | 2 faltantes
2026-09-01 16:35:28,367 [INFO] Revisión completada. Próxima en 15 min.
2026-09-01 16:46:57,029 [INFO] Monitor detenido por el usuario.
2026-09-01 16:46:57,068 [INFO] [NOTIFICACION] ASFI Monitor detenido: El monitoreo fue detenido manualmente.
2026-09-02 08:14:36,344 [INFO] ============================================================
2026-09-02 08:14:36,344 [INFO] ASFI SCIP Monitor iniciado
2026-09-02 08:14:36,346 [INFO]   Usuario  : thomas.clavijo@comarapa.coop
2026-09-02 08:14:36,346 [INFO]   Intervalo: 15 minutos
2026-09-02 08:14:36,346 [INFO]   Headless : True
2026-09-02 08:14:36,346 [INFO]   Días atrás: 1
2026-09-02 08:14:36,347 [INFO] ============================================================
2026-09-02 08:14:36,619 [INFO] [NOTIFICACION] ASFI Monitor iniciado: Monitoreando reportes cada 15 min.
2026-09-02 08:14:40,099 [INFO] ============================================================
2026-09-02 08:14:40,099 [INFO] Iniciando revisión: 2026-09-02 08:14:40
2026-09-02 08:14:40,104 [INFO] Fecha a consultar: 1/9/2026 (ayer)
2026-09-02 08:14:42,568 [INFO] Iniciando navegador Chromium...
2026-09-02 08:14:49,002 [INFO] Abriendo login: https://appweb.asfi.gob.bo/SCIP/Login.aspx?ReturnUrl=%2fSCIP%2fmControlPlazos%2fControlPlazos.aspx
2026-09-02 08:14:54,357 [INFO] Ingresando credenciales...
2026-09-02 08:14:55,105 [INFO] Enviando formulario de login...
2026-09-02 08:14:59,478 [INFO] URL después del login: https://appweb.asfi.gob.bo/SCIP/Default.aspx
2026-09-02 08:14:59,487 [INFO] ✅ Login exitoso
2026-09-02 08:14:59,489 [INFO] Navegando a 'Control de Envios' en el menú principal...
2026-09-02 08:15:01,679 [INFO] URL tras click menú principal: https://appweb.asfi.gob.bo/SCIP/mControlPlazos/Default.aspx
2026-09-02 08:15:01,680 [INFO] Navegando a 'Envios' en el menú lateral...
2026-09-02 08:15:05,988 [INFO] URL tras click menú lateral: https://appweb.asfi.gob.bo/SCIP/mControlPlazos/ControlPlazos.aspx
2026-09-02 08:15:05,989 [INFO] Configurando Fecha Corte Inicial: 1/9/2026
2026-09-02 08:15:11,427 [INFO] Configurando Fecha Corte Final: 1/9/2026
2026-09-02 08:15:13,904 [INFO] Ejecutando búsqueda...
2026-09-02 08:15:19,371 [INFO] Extrayendo datos de la tabla...
2026-09-02 08:15:19,371 [INFO] Procesando página 1 de la tabla...
2026-09-02 08:15:19,433 [INFO]   Filas encontradas en página 1: 5
2026-09-02 08:15:19,710 [INFO] No hay más páginas. Total registros extraídos: 5
2026-09-02 08:15:19,803 [INFO] Navegador cerrado.
2026-09-02 08:15:19,829 [INFO] Validando reportes esperados para 1/9/2026...
2026-09-02 08:15:19,830 [WARNING] ⚠️  Reportes diarios FALTANTES: ['D007 IF - Diario Operaciones Interbancarias', 'D006 IF - Diario Tasas de Interés Activas', 'D001-D005 IF - Diario Encaje']
2026-09-02 08:15:19,830 [INFO] [NOTIFICACION] ??  ASFI Monitor ? 3 reportes FALTANTES: Fecha: 1/9/2026

  ? D007 IF - Diario Operaciones Interbancarias
  ? D006 IF - Diario Tasas de Inter
2026-09-02 08:15:19,830 [INFO] [URGENTE] Enviando notificación por múltiples métodos...
2026-09-02 08:15:29,848 [INFO] Resumen: 5 exitosos | 0 pendientes | 0 errores | 3 faltantes
2026-09-02 08:15:29,850 [INFO] Revisión completada. Próxima en 15 min.
2026-09-02 08:15:29,850 [INFO] Scheduler activo. Revisando cada 15 minutos.
2026-09-02 08:15:29,851 [INFO] Presionar Ctrl+C para detener.
2026-09-02 08:30:29,912 [INFO] ============================================================
2026-09-02 08:30:29,912 [INFO] Iniciando revisión: 2026-09-02 08:30:29
2026-09-02 08:30:29,915 [INFO] Fecha a consultar: 1/9/2026 (ayer)
2026-09-02 08:30:31,896 [INFO] Iniciando navegador Chromium...
2026-09-02 08:30:43,455 [INFO] Abriendo login: https://appweb.asfi.gob.bo/SCIP/Login.aspx?ReturnUrl=%2fSCIP%2fmControlPlazos%2fControlPlazos.aspx
2026-09-02 08:30:48,858 [INFO] Ingresando credenciales...
2026-09-02 08:30:49,712 [INFO] Enviando formulario de login...
2026-09-02 08:30:53,412 [INFO] URL después del login: https://appweb.asfi.gob.bo/SCIP/Default.aspx
2026-09-02 08:30:53,413 [INFO] ✅ Login exitoso
2026-09-02 08:30:53,413 [INFO] Navegando a 'Control de Envios' en el menú principal...
2026-09-02 08:30:55,165 [INFO] URL tras click menú principal: https://appweb.asfi.gob.bo/SCIP/mControlPlazos/Default.aspx
2026-09-02 08:30:55,165 [INFO] Navegando a 'Envios' en el menú lateral...
2026-09-02 08:30:59,267 [INFO] URL tras click menú lateral: https://appweb.asfi.gob.bo/SCIP/mControlPlazos/ControlPlazos.aspx
2026-09-02 08:30:59,267 [INFO] Configurando Fecha Corte Inicial: 1/9/2026
2026-09-02 08:31:01,596 [INFO] Configurando Fecha Corte Final: 1/9/2026
2026-09-02 08:31:03,828 [INFO] Ejecutando búsqueda...
2026-09-02 08:31:09,320 [INFO] Extrayendo datos de la tabla...
2026-09-02 08:31:09,320 [INFO] Procesando página 1 de la tabla...
2026-09-02 08:31:09,374 [INFO]   Filas encontradas en página 1: 9
2026-09-02 08:31:09,809 [INFO] No hay más páginas. Total registros extraídos: 9
2026-09-02 08:31:09,897 [INFO] Navegador cerrado.
2026-09-02 08:31:09,934 [INFO] Validando reportes esperados para 1/9/2026...
2026-09-02 08:31:09,934 [WARNING] ⚠️  Reportes diarios FALTANTES: ['D001-D005 IF - Diario Encaje']
2026-09-02 08:31:09,938 [INFO] [NOTIFICACION] ??  ASFI Monitor ? 1 reportes FALTANTES: Fecha: 1/9/2026

  ? D001-D005 IF - Diario Encaje
2026-09-02 08:31:09,938 [INFO] [URGENTE] Enviando notificación por múltiples métodos...
2026-09-02 08:31:19,957 [INFO] Resumen: 9 exitosos | 0 pendientes | 0 errores | 1 faltantes
2026-09-02 08:31:19,959 [INFO] Revisión completada. Próxima en 15 min.
2026-09-02 08:46:20,034 [INFO] ============================================================
2026-09-02 08:46:20,035 [INFO] Iniciando revisión: 2026-09-02 08:46:20
2026-09-02 08:46:20,037 [INFO] Fecha a consultar: 1/9/2026 (ayer)
2026-09-02 08:46:21,885 [INFO] Iniciando navegador Chromium...
2026-09-02 08:46:33,501 [INFO] Abriendo login: https://appweb.asfi.gob.bo/SCIP/Login.aspx?ReturnUrl=%2fSCIP%2fmControlPlazos%2fControlPlazos.aspx
2026-09-02 08:46:39,157 [INFO] Ingresando credenciales...
2026-09-02 08:46:39,913 [INFO] Enviando formulario de login...
2026-09-02 08:46:43,727 [INFO] URL después del login: https://appweb.asfi.gob.bo/SCIP/Default.aspx
2026-09-02 08:46:43,729 [INFO] ✅ Login exitoso
2026-09-02 08:46:43,730 [INFO] Navegando a 'Control de Envios' en el menú principal...
2026-09-02 08:46:45,646 [INFO] URL tras click menú principal: https://appweb.asfi.gob.bo/SCIP/mControlPlazos/Default.aspx
2026-09-02 08:46:45,647 [INFO] Navegando a 'Envios' en el menú lateral...
2026-09-02 08:46:50,192 [INFO] URL tras click menú lateral: https://appweb.asfi.gob.bo/SCIP/mControlPlazos/ControlPlazos.aspx
2026-09-02 08:46:50,296 [INFO] Configurando Fecha Corte Inicial: 1/9/2026
2026-09-02 08:46:53,257 [INFO] Configurando Fecha Corte Final: 1/9/2026
2026-09-02 08:46:55,641 [INFO] Ejecutando búsqueda...
2026-09-02 08:47:01,583 [INFO] Extrayendo datos de la tabla...
2026-09-02 08:47:01,584 [INFO] Procesando página 1 de la tabla...
2026-09-02 08:47:01,655 [INFO]   Filas encontradas en página 1: 9
2026-09-02 08:47:02,250 [INFO] No hay más páginas. Total registros extraídos: 9
2026-09-02 08:47:02,645 [INFO] Navegador cerrado.
2026-09-02 08:47:02,688 [INFO] Validando reportes esperados para 1/9/2026...
2026-09-02 08:47:02,691 [WARNING] ⚠️  Reportes diarios FALTANTES: ['D001-D005 IF - Diario Encaje']
2026-09-02 08:47:02,692 [INFO] [NOTIFICACION] ??  ASFI Monitor ? 1 reportes FALTANTES: Fecha: 1/9/2026

  ? D001-D005 IF - Diario Encaje
2026-09-02 08:47:02,692 [INFO] [URGENTE] Enviando notificación por múltiples métodos...
2026-09-02 08:47:12,717 [INFO] Resumen: 9 exitosos | 0 pendientes | 0 errores | 1 faltantes
2026-09-02 08:47:12,719 [INFO] Revisión completada. Próxima en 15 min.
2026-09-02 09:02:12,773 [INFO] ============================================================
2026-09-02 09:02:12,775 [INFO] Iniciando revisión: 2026-09-02 09:02:12
2026-09-02 09:02:12,781 [INFO] Fecha a consultar: 1/9/2026 (ayer)
2026-09-02 09:02:14,219 [INFO] Iniciando navegador Chromium...
2026-09-02 09:02:25,795 [INFO] Abriendo login: https://appweb.asfi.gob.bo/SCIP/Login.aspx?ReturnUrl=%2fSCIP%2fmControlPlazos%2fControlPlazos.aspx
2026-09-02 09:02:31,175 [INFO] Ingresando credenciales...
2026-09-02 09:02:31,891 [INFO] Enviando formulario de login...
2026-09-02 09:02:35,596 [INFO] URL después del login: https://appweb.asfi.gob.bo/SCIP/Default.aspx
2026-09-02 09:02:35,599 [INFO] ✅ Login exitoso
2026-09-02 09:02:35,602 [INFO] Navegando a 'Control de Envios' en el menú principal...
2026-09-02 09:02:37,390 [INFO] URL tras click menú principal: https://appweb.asfi.gob.bo/SCIP/mControlPlazos/Default.aspx
2026-09-02 09:02:37,391 [INFO] Navegando a 'Envios' en el menú lateral...
2026-09-02 09:02:41,441 [INFO] URL tras click menú lateral: https://appweb.asfi.gob.bo/SCIP/mControlPlazos/ControlPlazos.aspx
2026-09-02 09:02:41,443 [INFO] Configurando Fecha Corte Inicial: 1/9/2026
2026-09-02 09:02:43,781 [INFO] Configurando Fecha Corte Final: 1/9/2026
2026-09-02 09:02:46,072 [INFO] Ejecutando búsqueda...
2026-09-02 09:02:51,339 [INFO] Extrayendo datos de la tabla...
2026-09-02 09:02:51,342 [INFO] Procesando página 1 de la tabla...
2026-09-02 09:02:51,397 [INFO]   Filas encontradas en página 1: 9
2026-09-02 09:02:51,931 [INFO] No hay más páginas. Total registros extraídos: 9
2026-09-02 09:02:52,033 [INFO] Navegador cerrado.
2026-09-02 09:02:52,063 [INFO] Validando reportes esperados para 1/9/2026...
2026-09-02 09:02:52,064 [WARNING] ⚠️  Reportes diarios FALTANTES: ['D001-D005 IF - Diario Encaje']
2026-09-02 09:02:52,064 [INFO] [NOTIFICACION] ??  ASFI Monitor ? 1 reportes FALTANTES: Fecha: 1/9/2026

  ? D001-D005 IF - Diario Encaje
2026-09-02 09:02:52,065 [INFO] [URGENTE] Enviando notificación por múltiples métodos...
2026-09-02 09:03:02,082 [INFO] Resumen: 9 exitosos | 0 pendientes | 0 errores | 1 faltantes
2026-09-02 09:03:02,085 [INFO] Revisión completada. Próxima en 15 min.
2026-09-02 09:18:02,107 [INFO] ============================================================
2026-09-02 09:18:02,110 [INFO] Iniciando revisión: 2026-09-02 09:18:02
2026-09-02 09:18:02,113 [INFO] Fecha a consultar: 1/9/2026 (ayer)
2026-09-02 09:18:03,529 [INFO] Iniciando navegador Chromium...
2026-09-02 09:18:12,288 [INFO] Abriendo login: https://appweb.asfi.gob.bo/SCIP/Login.aspx?ReturnUrl=%2fSCIP%2fmControlPlazos%2fControlPlazos.aspx
2026-09-02 09:18:17,676 [INFO] Ingresando credenciales...
2026-09-02 09:18:18,407 [INFO] Enviando formulario de login...
2026-09-02 09:18:22,059 [INFO] URL después del login: https://appweb.asfi.gob.bo/SCIP/Default.aspx
2026-09-02 09:18:22,059 [INFO] ✅ Login exitoso
2026-09-02 09:18:22,061 [INFO] Navegando a 'Control de Envios' en el menú principal...
2026-09-02 09:18:23,875 [INFO] URL tras click menú principal: https://appweb.asfi.gob.bo/SCIP/mControlPlazos/Default.aspx
2026-09-02 09:18:23,876 [INFO] Navegando a 'Envios' en el menú lateral...
2026-09-02 09:18:28,635 [INFO] URL tras click menú lateral: https://appweb.asfi.gob.bo/SCIP/mControlPlazos/ControlPlazos.aspx
2026-09-02 09:18:28,635 [INFO] Configurando Fecha Corte Inicial: 1/9/2026
2026-09-02 09:18:31,062 [INFO] Configurando Fecha Corte Final: 1/9/2026
2026-09-02 09:18:33,318 [INFO] Ejecutando búsqueda...
2026-09-02 09:18:39,185 [INFO] Extrayendo datos de la tabla...
2026-09-02 09:18:39,186 [INFO] Procesando página 1 de la tabla...
2026-09-02 09:18:39,277 [INFO]   Filas encontradas en página 1: 9
2026-09-02 09:18:39,688 [INFO] No hay más páginas. Total registros extraídos: 9
2026-09-02 09:18:39,832 [INFO] Navegador cerrado.
2026-09-02 09:18:39,862 [INFO] Validando reportes esperados para 1/9/2026...
2026-09-02 09:18:39,862 [WARNING] ⚠️  Reportes diarios FALTANTES: ['D001-D005 IF - Diario Encaje']
2026-09-02 09:18:39,863 [INFO] [NOTIFICACION] ??  ASFI Monitor ? 1 reportes FALTANTES: Fecha: 1/9/2026

  ? D001-D005 IF - Diario Encaje
2026-09-02 09:18:39,863 [INFO] [URGENTE] Enviando notificación por múltiples métodos...
2026-09-02 09:18:49,879 [INFO] Resumen: 9 exitosos | 0 pendientes | 0 errores | 1 faltantes
2026-09-02 09:18:49,882 [INFO] Revisión completada. Próxima en 15 min.
2026-09-02 09:33:49,923 [INFO] ============================================================
2026-09-02 09:33:49,924 [INFO] Iniciando revisión: 2026-09-02 09:33:49
2026-09-02 09:33:49,931 [INFO] Fecha a consultar: 1/9/2026 (ayer)
2026-09-02 09:33:51,161 [INFO] Iniciando navegador Chromium...
2026-09-02 09:33:59,385 [INFO] Abriendo login: https://appweb.asfi.gob.bo/SCIP/Login.aspx?ReturnUrl=%2fSCIP%2fmControlPlazos%2fControlPlazos.aspx
2026-09-02 09:34:05,145 [INFO] Ingresando credenciales...
2026-09-02 09:34:05,918 [INFO] Enviando formulario de login...
2026-09-02 09:34:09,860 [INFO] URL después del login: https://appweb.asfi.gob.bo/SCIP/Default.aspx
2026-09-02 09:34:09,862 [INFO] ✅ Login exitoso
2026-09-02 09:34:09,864 [INFO] Navegando a 'Control de Envios' en el menú principal...
2026-09-02 09:34:12,158 [INFO] URL tras click menú principal: https://appweb.asfi.gob.bo/SCIP/mControlPlazos/Default.aspx
2026-09-02 09:34:12,161 [INFO] Navegando a 'Envios' en el menú lateral...
2026-09-02 09:34:16,661 [INFO] URL tras click menú lateral: https://appweb.asfi.gob.bo/SCIP/mControlPlazos/ControlPlazos.aspx
2026-09-02 09:34:16,662 [INFO] Configurando Fecha Corte Inicial: 1/9/2026
2026-09-02 09:34:19,077 [INFO] Configurando Fecha Corte Final: 1/9/2026
2026-09-02 09:34:21,375 [INFO] Ejecutando búsqueda...
2026-09-02 09:34:27,346 [INFO] Extrayendo datos de la tabla...
2026-09-02 09:34:27,347 [INFO] Procesando página 1 de la tabla...
2026-09-02 09:34:27,445 [INFO]   Filas encontradas en página 1: 9
2026-09-02 09:34:27,849 [INFO] No hay más páginas. Total registros extraídos: 9
2026-09-02 09:34:27,925 [INFO] Navegador cerrado.
2026-09-02 09:34:27,947 [INFO] Validando reportes esperados para 1/9/2026...
2026-09-02 09:34:27,948 [WARNING] ⚠️  Reportes diarios FALTANTES: ['D001-D005 IF - Diario Encaje']
2026-09-02 09:34:27,948 [INFO] [NOTIFICACION] ??  ASFI Monitor ? 1 reportes FALTANTES: Fecha: 1/9/2026

  ? D001-D005 IF - Diario Encaje
2026-09-02 09:34:27,949 [INFO] [URGENTE] Enviando notificación por múltiples métodos...
2026-09-02 09:34:37,962 [INFO] Resumen: 9 exitosos | 0 pendientes | 0 errores | 1 faltantes
2026-09-02 09:34:37,968 [INFO] Revisión completada. Próxima en 15 min.
2026-09-02 09:49:37,984 [INFO] ============================================================
2026-09-02 09:49:37,986 [INFO] Iniciando revisión: 2026-09-02 09:49:37
2026-09-02 09:49:37,992 [INFO] Fecha a consultar: 1/9/2026 (ayer)
2026-09-02 09:49:38,933 [INFO] Iniciando navegador Chromium...
2026-09-02 09:49:46,450 [INFO] Abriendo login: https://appweb.asfi.gob.bo/SCIP/Login.aspx?ReturnUrl=%2fSCIP%2fmControlPlazos%2fControlPlazos.aspx
2026-09-02 09:49:51,891 [INFO] Ingresando credenciales...
2026-09-02 09:49:52,674 [INFO] Enviando formulario de login...
2026-09-02 09:49:56,375 [INFO] URL después del login: https://appweb.asfi.gob.bo/SCIP/Default.aspx
2026-09-02 09:49:56,377 [INFO] ✅ Login exitoso
2026-09-02 09:49:56,378 [INFO] Navegando a 'Control de Envios' en el menú principal...
2026-09-02 09:49:58,210 [INFO] URL tras click menú principal: https://appweb.asfi.gob.bo/SCIP/mControlPlazos/Default.aspx
2026-09-02 09:49:58,212 [INFO] Navegando a 'Envios' en el menú lateral...
2026-09-02 09:50:02,141 [INFO] URL tras click menú lateral: https://appweb.asfi.gob.bo/SCIP/mControlPlazos/ControlPlazos.aspx
2026-09-02 09:50:02,143 [INFO] Configurando Fecha Corte Inicial: 1/9/2026
2026-09-02 09:50:04,611 [INFO] Configurando Fecha Corte Final: 1/9/2026
2026-09-02 09:50:06,963 [INFO] Ejecutando búsqueda...
2026-09-02 09:50:13,163 [INFO] Extrayendo datos de la tabla...
2026-09-02 09:50:13,164 [INFO] Procesando página 1 de la tabla...
2026-09-02 09:50:13,256 [INFO]   Filas encontradas en página 1: 9
2026-09-02 09:50:13,629 [INFO] No hay más páginas. Total registros extraídos: 9
2026-09-02 09:50:13,714 [INFO] Navegador cerrado.
2026-09-02 09:50:13,731 [INFO] Validando reportes esperados para 1/9/2026...
2026-09-02 09:50:13,732 [WARNING] ⚠️  Reportes diarios FALTANTES: ['D001-D005 IF - Diario Encaje']
2026-09-02 09:50:13,732 [INFO] [NOTIFICACION] ??  ASFI Monitor ? 1 reportes FALTANTES: Fecha: 1/9/2026

  ? D001-D005 IF - Diario Encaje
2026-09-02 09:50:13,733 [INFO] [URGENTE] Enviando notificación por múltiples métodos...
2026-09-02 09:50:23,757 [INFO] Resumen: 9 exitosos | 0 pendientes | 0 errores | 1 faltantes
2026-09-02 09:50:23,764 [INFO] Revisión completada. Próxima en 15 min.
2026-09-02 10:05:23,786 [INFO] ============================================================
2026-09-02 10:05:23,789 [INFO] Iniciando revisión: 2026-09-02 10:05:23
2026-09-02 10:05:23,794 [INFO] Fecha a consultar: 1/9/2026 (ayer)
2026-09-02 10:05:24,770 [INFO] Iniciando navegador Chromium...
2026-09-02 10:05:33,486 [INFO] Abriendo login: https://appweb.asfi.gob.bo/SCIP/Login.aspx?ReturnUrl=%2fSCIP%2fmControlPlazos%2fControlPlazos.aspx
2026-09-02 10:05:38,777 [INFO] Ingresando credenciales...
2026-09-02 10:05:39,547 [INFO] Enviando formulario de login...
2026-09-02 10:05:43,293 [INFO] URL después del login: https://appweb.asfi.gob.bo/SCIP/Default.aspx
2026-09-02 10:05:43,295 [INFO] ✅ Login exitoso
2026-09-02 10:05:43,297 [INFO] Navegando a 'Control de Envios' en el menú principal...
2026-09-02 10:05:45,144 [INFO] URL tras click menú principal: https://appweb.asfi.gob.bo/SCIP/mControlPlazos/Default.aspx
2026-09-02 10:05:45,146 [INFO] Navegando a 'Envios' en el menú lateral...
2026-09-02 10:05:49,257 [INFO] URL tras click menú lateral: https://appweb.asfi.gob.bo/SCIP/mControlPlazos/ControlPlazos.aspx
2026-09-02 10:05:49,260 [INFO] Configurando Fecha Corte Inicial: 1/9/2026
2026-09-02 10:05:51,746 [INFO] Configurando Fecha Corte Final: 1/9/2026
2026-09-02 10:05:54,125 [INFO] Ejecutando búsqueda...
2026-09-02 10:06:00,141 [INFO] Extrayendo datos de la tabla...
2026-09-02 10:06:00,143 [INFO] Procesando página 1 de la tabla...
2026-09-02 10:06:00,259 [INFO]   Filas encontradas en página 1: 9
2026-09-02 10:06:00,644 [INFO] No hay más páginas. Total registros extraídos: 9
2026-09-02 10:06:00,723 [INFO] Navegador cerrado.
2026-09-02 10:06:00,747 [INFO] Validando reportes esperados para 1/9/2026...
2026-09-02 10:06:00,747 [WARNING] ⚠️  Reportes diarios FALTANTES: ['D001-D005 IF - Diario Encaje']
2026-09-02 10:06:00,748 [INFO] [NOTIFICACION] ??  ASFI Monitor ? 1 reportes FALTANTES: Fecha: 1/9/2026

  ? D001-D005 IF - Diario Encaje
2026-09-02 10:06:00,748 [INFO] [URGENTE] Enviando notificación por múltiples métodos...
2026-09-02 10:06:10,755 [INFO] Resumen: 9 exitosos | 0 pendientes | 0 errores | 1 faltantes
2026-09-02 10:06:10,767 [INFO] Revisión completada. Próxima en 15 min.
2026-09-02 10:21:10,785 [INFO] ============================================================
2026-09-02 10:21:10,787 [INFO] Iniciando revisión: 2026-09-02 10:21:10
2026-09-02 10:21:10,796 [INFO] Fecha a consultar: 1/9/2026 (ayer)
2026-09-02 10:21:11,778 [INFO] Iniciando navegador Chromium...
2026-09-02 10:21:19,216 [INFO] Abriendo login: https://appweb.asfi.gob.bo/SCIP/Login.aspx?ReturnUrl=%2fSCIP%2fmControlPlazos%2fControlPlazos.aspx
2026-09-02 10:21:24,585 [INFO] Ingresando credenciales...
2026-09-02 10:21:25,315 [INFO] Enviando formulario de login...
2026-09-02 10:21:29,341 [INFO] URL después del login: https://appweb.asfi.gob.bo/SCIP/Default.aspx
2026-09-02 10:21:29,343 [INFO] ✅ Login exitoso
2026-09-02 10:21:29,348 [INFO] Navegando a 'Control de Envios' en el menú principal...
2026-09-02 10:21:31,173 [INFO] URL tras click menú principal: https://appweb.asfi.gob.bo/SCIP/mControlPlazos/Default.aspx
2026-09-02 10:21:31,175 [INFO] Navegando a 'Envios' en el menú lateral...
2026-09-02 10:21:38,843 [INFO] URL tras click menú lateral: https://appweb.asfi.gob.bo/SCIP/mControlPlazos/ControlPlazos.aspx
2026-09-02 10:21:38,845 [INFO] Configurando Fecha Corte Inicial: 1/9/2026
2026-09-02 10:21:41,327 [INFO] Configurando Fecha Corte Final: 1/9/2026
2026-09-02 10:21:43,728 [INFO] Ejecutando búsqueda...
2026-09-02 10:21:49,621 [INFO] Extrayendo datos de la tabla...
2026-09-02 10:21:49,622 [INFO] Procesando página 1 de la tabla...
2026-09-02 10:21:49,740 [INFO]   Filas encontradas en página 1: 9
2026-09-02 10:21:50,134 [INFO] No hay más páginas. Total registros extraídos: 9
2026-09-02 10:21:50,214 [INFO] Navegador cerrado.
2026-09-02 10:21:50,242 [INFO] Validando reportes esperados para 1/9/2026...
2026-09-02 10:21:50,243 [WARNING] ⚠️  Reportes diarios FALTANTES: ['D001-D005 IF - Diario Encaje']
2026-09-02 10:21:50,243 [INFO] [NOTIFICACION] ??  ASFI Monitor ? 1 reportes FALTANTES: Fecha: 1/9/2026

  ? D001-D005 IF - Diario Encaje
2026-09-02 10:21:50,244 [INFO] [URGENTE] Enviando notificación por múltiples métodos...
2026-09-02 10:22:00,261 [INFO] Resumen: 9 exitosos | 0 pendientes | 0 errores | 1 faltantes
2026-09-02 10:22:00,271 [INFO] Revisión completada. Próxima en 15 min.
2026-09-02 10:37:00,307 [INFO] ============================================================
2026-09-02 10:37:00,309 [INFO] Iniciando revisión: 2026-09-02 10:37:00
2026-09-02 10:37:00,314 [INFO] Fecha a consultar: 1/9/2026 (ayer)
2026-09-02 10:37:02,162 [INFO] Iniciando navegador Chromium...
2026-09-02 10:37:13,965 [INFO] Abriendo login: https://appweb.asfi.gob.bo/SCIP/Login.aspx?ReturnUrl=%2fSCIP%2fmControlPlazos%2fControlPlazos.aspx
2026-09-02 10:37:19,891 [INFO] Ingresando credenciales...
2026-09-02 10:37:20,645 [INFO] Enviando formulario de login...
2026-09-02 10:37:24,360 [INFO] URL después del login: https://appweb.asfi.gob.bo/SCIP/Default.aspx
2026-09-02 10:37:24,361 [INFO] ✅ Login exitoso
2026-09-02 10:37:24,363 [INFO] Navegando a 'Control de Envios' en el menú principal...
2026-09-02 10:37:26,180 [INFO] URL tras click menú principal: https://appweb.asfi.gob.bo/SCIP/mControlPlazos/Default.aspx
2026-09-02 10:37:26,182 [INFO] Navegando a 'Envios' en el menú lateral...
2026-09-02 10:37:30,160 [INFO] URL tras click menú lateral: https://appweb.asfi.gob.bo/SCIP/mControlPlazos/ControlPlazos.aspx
2026-09-02 10:37:30,162 [INFO] Configurando Fecha Corte Inicial: 1/9/2026
2026-09-02 10:37:32,742 [INFO] Configurando Fecha Corte Final: 1/9/2026
2026-09-02 10:37:35,099 [INFO] Ejecutando búsqueda...
2026-09-02 10:37:41,051 [INFO] Extrayendo datos de la tabla...
2026-09-02 10:37:41,052 [INFO] Procesando página 1 de la tabla...
2026-09-02 10:37:41,153 [INFO]   Filas encontradas en página 1: 9
2026-09-02 10:37:41,529 [INFO] No hay más páginas. Total registros extraídos: 9
2026-09-02 10:37:41,616 [INFO] Navegador cerrado.
2026-09-02 10:37:41,638 [INFO] Validando reportes esperados para 1/9/2026...
2026-09-02 10:37:41,639 [WARNING] ⚠️  Reportes diarios FALTANTES: ['D001-D005 IF - Diario Encaje']
2026-09-02 10:37:41,639 [INFO] [NOTIFICACION] ??  ASFI Monitor ? 1 reportes FALTANTES: Fecha: 1/9/2026

  ? D001-D005 IF - Diario Encaje
2026-09-02 10:37:41,639 [INFO] [URGENTE] Enviando notificación por múltiples métodos...
2026-09-02 10:37:51,666 [INFO] Resumen: 9 exitosos | 0 pendientes | 0 errores | 1 faltantes
2026-09-02 10:37:51,673 [INFO] Revisión completada. Próxima en 15 min.
2026-09-02 10:52:51,696 [INFO] ============================================================
2026-09-02 10:52:51,697 [INFO] Iniciando revisión: 2026-09-02 10:52:51
2026-09-02 10:52:51,704 [INFO] Fecha a consultar: 1/9/2026 (ayer)
2026-09-02 10:52:53,082 [INFO] Iniciando navegador Chromium...
2026-09-02 10:53:03,296 [INFO] Abriendo login: https://appweb.asfi.gob.bo/SCIP/Login.aspx?ReturnUrl=%2fSCIP%2fmControlPlazos%2fControlPlazos.aspx
2026-09-02 10:53:08,834 [INFO] Ingresando credenciales...
2026-09-02 10:53:09,614 [INFO] Enviando formulario de login...
2026-09-02 10:53:13,460 [INFO] URL después del login: https://appweb.asfi.gob.bo/SCIP/Default.aspx
2026-09-02 10:53:13,462 [INFO] ✅ Login exitoso
2026-09-02 10:53:13,464 [INFO] Navegando a 'Control de Envios' en el menú principal...
2026-09-02 10:53:15,308 [INFO] URL tras click menú principal: https://appweb.asfi.gob.bo/SCIP/mControlPlazos/Default.aspx
2026-09-02 10:53:15,311 [INFO] Navegando a 'Envios' en el menú lateral...
2026-09-02 10:53:19,285 [INFO] URL tras click menú lateral: https://appweb.asfi.gob.bo/SCIP/mControlPlazos/ControlPlazos.aspx
2026-09-02 10:53:19,287 [INFO] Configurando Fecha Corte Inicial: 1/9/2026
2026-09-02 10:53:21,682 [INFO] Configurando Fecha Corte Final: 1/9/2026
2026-09-02 10:53:24,100 [INFO] Ejecutando búsqueda...
2026-09-02 10:53:28,927 [INFO] Extrayendo datos de la tabla...
2026-09-02 10:53:28,929 [INFO] Procesando página 1 de la tabla...
2026-09-02 10:53:29,014 [INFO]   Filas encontradas en página 1: 9
2026-09-02 10:53:29,416 [INFO] No hay más páginas. Total registros extraídos: 9
2026-09-02 10:53:29,495 [INFO] Navegador cerrado.
2026-09-02 10:53:29,518 [INFO] Validando reportes esperados para 1/9/2026...
2026-09-02 10:53:29,519 [WARNING] ⚠️  Reportes diarios FALTANTES: ['D001-D005 IF - Diario Encaje']
2026-09-02 10:53:29,519 [INFO] [NOTIFICACION] ??  ASFI Monitor ? 1 reportes FALTANTES: Fecha: 1/9/2026

  ? D001-D005 IF - Diario Encaje
2026-09-02 10:53:29,519 [INFO] [URGENTE] Enviando notificación por múltiples métodos...
2026-09-02 10:53:39,546 [INFO] Resumen: 9 exitosos | 0 pendientes | 0 errores | 1 faltantes
2026-09-02 10:53:39,550 [INFO] Revisión completada. Próxima en 15 min.
2026-09-02 11:08:39,574 [INFO] ============================================================
2026-09-02 11:08:39,577 [INFO] Iniciando revisión: 2026-09-02 11:08:39
2026-09-02 11:08:39,585 [INFO] Fecha a consultar: 1/9/2026 (ayer)
2026-09-02 11:08:40,789 [INFO] Iniciando navegador Chromium...
2026-09-02 11:08:49,230 [INFO] Abriendo login: https://appweb.asfi.gob.bo/SCIP/Login.aspx?ReturnUrl=%2fSCIP%2fmControlPlazos%2fControlPlazos.aspx
2026-09-02 11:08:54,595 [INFO] Ingresando credenciales...
2026-09-02 11:08:55,341 [INFO] Enviando formulario de login...
2026-09-02 11:08:59,001 [INFO] URL después del login: https://appweb.asfi.gob.bo/SCIP/Default.aspx
2026-09-02 11:08:59,002 [INFO] ✅ Login exitoso
2026-09-02 11:08:59,005 [INFO] Navegando a 'Control de Envios' en el menú principal...
2026-09-02 11:09:00,839 [INFO] URL tras click menú principal: https://appweb.asfi.gob.bo/SCIP/mControlPlazos/Default.aspx
2026-09-02 11:09:00,841 [INFO] Navegando a 'Envios' en el menú lateral...
2026-09-02 11:09:04,800 [INFO] URL tras click menú lateral: https://appweb.asfi.gob.bo/SCIP/mControlPlazos/ControlPlazos.aspx
2026-09-02 11:09:04,802 [INFO] Configurando Fecha Corte Inicial: 1/9/2026
2026-09-02 11:09:07,307 [INFO] Configurando Fecha Corte Final: 1/9/2026
2026-09-02 11:09:09,692 [INFO] Ejecutando búsqueda...
2026-09-02 11:09:15,095 [INFO] Extrayendo datos de la tabla...
2026-09-02 11:09:15,096 [INFO] Procesando página 1 de la tabla...
2026-09-02 11:09:15,204 [INFO]   Filas encontradas en página 1: 9
2026-09-02 11:09:15,596 [INFO] No hay más páginas. Total registros extraídos: 9
2026-09-02 11:09:15,677 [INFO] Navegador cerrado.
2026-09-02 11:09:15,700 [INFO] Validando reportes esperados para 1/9/2026...
2026-09-02 11:09:15,700 [WARNING] ⚠️  Reportes diarios FALTANTES: ['D001-D005 IF - Diario Encaje']
2026-09-02 11:09:15,701 [INFO] [NOTIFICACION] ??  ASFI Monitor ? 1 reportes FALTANTES: Fecha: 1/9/2026

  ? D001-D005 IF - Diario Encaje
2026-09-02 11:09:15,701 [INFO] [URGENTE] Enviando notificación por múltiples métodos...
2026-09-02 11:09:25,707 [INFO] Resumen: 9 exitosos | 0 pendientes | 0 errores | 1 faltantes
2026-09-02 11:09:25,715 [INFO] Revisión completada. Próxima en 15 min.
2026-09-02 11:24:25,747 [INFO] ============================================================
2026-09-02 11:24:25,748 [INFO] Iniciando revisión: 2026-09-02 11:24:25
2026-09-02 11:24:25,749 [INFO] Fecha a consultar: 1/9/2026 (ayer)
2026-09-02 11:24:27,000 [INFO] Iniciando navegador Chromium...
2026-09-02 11:24:36,284 [INFO] Abriendo login: https://appweb.asfi.gob.bo/SCIP/Login.aspx?ReturnUrl=%2fSCIP%2fmControlPlazos%2fControlPlazos.aspx
2026-09-02 11:24:43,102 [INFO] Ingresando credenciales...
2026-09-02 11:24:43,870 [INFO] Enviando formulario de login...
2026-09-02 11:24:48,083 [INFO] URL después del login: https://appweb.asfi.gob.bo/SCIP/Default.aspx
2026-09-02 11:24:48,084 [INFO] ✅ Login exitoso
2026-09-02 11:24:48,086 [INFO] Navegando a 'Control de Envios' en el menú principal...
2026-09-02 11:24:49,906 [INFO] URL tras click menú principal: https://appweb.asfi.gob.bo/SCIP/mControlPlazos/Default.aspx
2026-09-02 11:24:49,906 [INFO] Navegando a 'Envios' en el menú lateral...
2026-09-02 11:24:54,481 [INFO] URL tras click menú lateral: https://appweb.asfi.gob.bo/SCIP/mControlPlazos/ControlPlazos.aspx
2026-09-02 11:24:54,483 [INFO] Configurando Fecha Corte Inicial: 1/9/2026
2026-09-02 11:24:56,867 [INFO] Configurando Fecha Corte Final: 1/9/2026
2026-09-02 11:24:59,131 [INFO] Ejecutando búsqueda...
2026-09-02 11:25:04,003 [INFO] Extrayendo datos de la tabla...
2026-09-02 11:25:04,005 [INFO] Procesando página 1 de la tabla...
2026-09-02 11:25:04,086 [INFO]   Filas encontradas en página 1: 9
2026-09-02 11:25:04,534 [INFO] No hay más páginas. Total registros extraídos: 9
2026-09-02 11:25:04,637 [INFO] Navegador cerrado.
2026-09-02 11:25:04,665 [INFO] Validando reportes esperados para 1/9/2026...
2026-09-02 11:25:04,666 [WARNING] ⚠️  Reportes diarios FALTANTES: ['D001-D005 IF - Diario Encaje']
2026-09-02 11:25:04,666 [INFO] [NOTIFICACION] ??  ASFI Monitor ? 1 reportes FALTANTES: Fecha: 1/9/2026

  ? D001-D005 IF - Diario Encaje
2026-09-02 11:25:04,668 [INFO] [URGENTE] Enviando notificación por múltiples métodos...
2026-09-02 11:25:14,679 [INFO] Resumen: 9 exitosos | 0 pendientes | 0 errores | 1 faltantes
2026-09-02 11:25:14,695 [INFO] Revisión completada. Próxima en 15 min.
2026-09-02 11:40:14,729 [INFO] ============================================================
2026-09-02 11:40:14,730 [INFO] Iniciando revisión: 2026-09-02 11:40:14
2026-09-02 11:40:14,732 [INFO] Fecha a consultar: 1/9/2026 (ayer)
2026-09-02 11:40:16,080 [INFO] Iniciando navegador Chromium...
2026-09-02 11:40:24,594 [INFO] Abriendo login: https://appweb.asfi.gob.bo/SCIP/Login.aspx?ReturnUrl=%2fSCIP%2fmControlPlazos%2fControlPlazos.aspx
2026-09-02 11:40:30,176 [INFO] Ingresando credenciales...
2026-09-02 11:40:30,984 [INFO] Enviando formulario de login...
2026-09-02 11:40:34,879 [INFO] URL después del login: https://appweb.asfi.gob.bo/SCIP/Default.aspx
2026-09-02 11:40:34,880 [INFO] ✅ Login exitoso
2026-09-02 11:40:34,882 [INFO] Navegando a 'Control de Envios' en el menú principal...
2026-09-02 11:40:36,702 [INFO] URL tras click menú principal: https://appweb.asfi.gob.bo/SCIP/mControlPlazos/Default.aspx
2026-09-02 11:40:36,704 [INFO] Navegando a 'Envios' en el menú lateral...
2026-09-02 11:40:41,824 [INFO] URL tras click menú lateral: https://appweb.asfi.gob.bo/SCIP/mControlPlazos/ControlPlazos.aspx
2026-09-02 11:40:41,827 [INFO] Configurando Fecha Corte Inicial: 1/9/2026
2026-09-02 11:40:44,274 [INFO] Configurando Fecha Corte Final: 1/9/2026
2026-09-02 11:40:46,726 [INFO] Ejecutando búsqueda...
2026-09-02 11:40:52,266 [INFO] Extrayendo datos de la tabla...
2026-09-02 11:40:52,268 [INFO] Procesando página 1 de la tabla...
2026-09-02 11:40:52,334 [INFO]   Filas encontradas en página 1: 9
2026-09-02 11:40:52,767 [INFO] No hay más páginas. Total registros extraídos: 9
2026-09-02 11:40:52,845 [INFO] Navegador cerrado.
2026-09-02 11:40:52,867 [INFO] Validando reportes esperados para 1/9/2026...
2026-09-02 11:40:52,868 [WARNING] ⚠️  Reportes diarios FALTANTES: ['D001-D005 IF - Diario Encaje']
2026-09-02 11:40:52,868 [INFO] [NOTIFICACION] ??  ASFI Monitor ? 1 reportes FALTANTES: Fecha: 1/9/2026

  ? D001-D005 IF - Diario Encaje
2026-09-02 11:40:52,869 [INFO] [URGENTE] Enviando notificación por múltiples métodos...
2026-09-02 11:41:02,898 [INFO] Resumen: 9 exitosos | 0 pendientes | 0 errores | 1 faltantes
2026-09-02 11:41:02,913 [INFO] Revisión completada. Próxima en 15 min.
2026-09-02 11:51:14,041 [INFO] Monitor detenido por el usuario.
2026-09-02 11:51:14,043 [INFO] [NOTIFICACION] ASFI Monitor detenido: El monitoreo fue detenido manualmente.
2026-09-02 11:52:27,959 [INFO] ============================================================
2026-09-02 11:52:27,960 [INFO] ASFI SCIP Monitor iniciado
2026-09-02 11:52:27,960 [INFO]   Usuario  : thomas.clavijo@comarapa.coop
2026-09-02 11:52:27,960 [INFO]   Intervalo: 15 minutos
2026-09-02 11:52:27,961 [INFO]   Headless : True
2026-09-02 11:52:27,961 [INFO]   Días atrás: 1
2026-09-02 11:52:27,961 [INFO] ============================================================
2026-09-02 11:52:28,234 [INFO] ============================================================
2026-09-02 11:52:28,234 [INFO] Iniciando revisión: 2026-09-02 11:52:28
2026-09-02 11:52:28,235 [INFO] Fecha a consultar: 1/9/2026 (ayer)
2026-09-02 11:52:29,856 [INFO] Iniciando navegador Chromium...
2026-09-02 11:52:40,125 [INFO] Abriendo login: https://appweb.asfi.gob.bo/SCIP/Login.aspx?ReturnUrl=%2fSCIP%2fmControlPlazos%2fControlPlazos.aspx
2026-09-02 11:52:45,840 [INFO] Ingresando credenciales...
2026-09-02 11:52:46,576 [INFO] Enviando formulario de login...
2026-09-02 11:52:50,236 [INFO] URL después del login: https://appweb.asfi.gob.bo/SCIP/Default.aspx
2026-09-02 11:52:50,237 [INFO] ✅ Login exitoso
2026-09-02 11:52:50,238 [INFO] Navegando a 'Control de Envios' en el menú principal...
2026-09-02 11:52:52,081 [INFO] URL tras click menú principal: https://appweb.asfi.gob.bo/SCIP/mControlPlazos/Default.aspx
2026-09-02 11:52:52,082 [INFO] Navegando a 'Envios' en el menú lateral...
2026-09-02 11:52:56,163 [INFO] URL tras click menú lateral: https://appweb.asfi.gob.bo/SCIP/mControlPlazos/ControlPlazos.aspx
2026-09-02 11:52:56,163 [INFO] Configurando Fecha Corte Inicial: 1/9/2026
2026-09-02 11:52:58,724 [INFO] Configurando Fecha Corte Final: 1/9/2026
2026-09-02 11:53:01,143 [INFO] Ejecutando búsqueda...
2026-09-02 11:53:05,950 [INFO] Extrayendo datos de la tabla...
2026-09-02 11:53:05,951 [INFO] Procesando página 1 de la tabla...
2026-09-02 11:53:06,045 [INFO]   Filas encontradas en página 1: 9
2026-09-02 11:53:06,423 [INFO] No hay más páginas. Total registros extraídos: 9
2026-09-02 11:53:06,504 [INFO] Navegador cerrado.
2026-09-02 11:53:06,539 [INFO] Validando reportes esperados para 1/9/2026...
2026-09-02 11:53:06,540 [WARNING] ⚠️  Reportes diarios FALTANTES: ['D001-D005 IF - Diario Encaje']
2026-09-02 11:53:06,540 [INFO] [NOTIFICACION] ??  ASFI Monitor ? 1 reportes FALTANTES: Fecha: 1/9/2026

  ? D001-D005 IF - Diario Encaje
2026-09-02 11:53:06,540 [INFO] [URGENTE] Enviando notificación por múltiples métodos...
2026-09-02 11:53:16,559 [INFO] Resumen: 9 exitosos | 0 pendientes | 0 errores | 1 faltantes
2026-09-02 11:53:16,565 [INFO] Revisión completada. Próxima en 15 min.
2026-09-02 11:53:46,615 [INFO] ============================================================
2026-09-02 11:53:46,615 [INFO] ASFI SCIP Monitor iniciado
2026-09-02 11:53:46,616 [INFO]   Usuario  : thomas.clavijo@comarapa.coop
2026-09-02 11:53:46,616 [INFO]   Intervalo: 15 minutos
2026-09-02 11:53:46,616 [INFO]   Headless : True
2026-09-02 11:53:46,616 [INFO]   Días atrás: 1
2026-09-02 11:53:46,616 [INFO] ============================================================
2026-09-02 11:53:46,787 [INFO] [NOTIFICACION] ASFI Monitor iniciado: Monitoreando reportes cada 15 min.
2026-09-02 11:53:48,409 [INFO] ============================================================
2026-09-02 11:53:48,410 [INFO] Iniciando revisión: 2026-09-02 11:53:48
2026-09-02 11:53:48,411 [INFO] Fecha a consultar: 1/9/2026 (ayer)
2026-09-02 11:53:50,116 [INFO] Iniciando navegador Chromium...
2026-09-02 11:53:58,140 [INFO] Abriendo login: https://appweb.asfi.gob.bo/SCIP/Login.aspx?ReturnUrl=%2fSCIP%2fmControlPlazos%2fControlPlazos.aspx
2026-09-02 11:54:01,741 [INFO] Ingresando credenciales...
2026-09-02 11:54:02,478 [INFO] Enviando formulario de login...
2026-09-02 11:54:06,354 [INFO] URL después del login: https://appweb.asfi.gob.bo/SCIP/Default.aspx
2026-09-02 11:54:06,355 [INFO] ✅ Login exitoso
2026-09-02 11:54:06,355 [INFO] Navegando a 'Control de Envios' en el menú principal...
2026-09-02 11:54:08,138 [INFO] URL tras click menú principal: https://appweb.asfi.gob.bo/SCIP/mControlPlazos/Default.aspx
2026-09-02 11:54:08,139 [INFO] Navegando a 'Envios' en el menú lateral...
2026-09-02 11:54:13,043 [INFO] URL tras click menú lateral: https://appweb.asfi.gob.bo/SCIP/mControlPlazos/ControlPlazos.aspx
2026-09-02 11:54:13,043 [INFO] Configurando Fecha Corte Inicial: 1/9/2026
2026-09-02 11:54:15,388 [INFO] Configurando Fecha Corte Final: 1/9/2026
2026-09-02 11:54:17,669 [INFO] Ejecutando búsqueda...
2026-09-02 11:54:22,444 [INFO] Extrayendo datos de la tabla...
2026-09-02 11:54:22,445 [INFO] Procesando página 1 de la tabla...
2026-09-02 11:54:22,507 [INFO]   Filas encontradas en página 1: 9
2026-09-02 11:54:23,004 [INFO] No hay más páginas. Total registros extraídos: 9
2026-09-02 11:54:23,126 [INFO] Navegador cerrado.
2026-09-02 11:54:23,153 [INFO] Validando reportes esperados para 1/9/2026...
2026-09-02 11:54:23,153 [WARNING] ⚠️  Reportes diarios FALTANTES: ['D001-D005 IF - Diario Encaje']
2026-09-02 11:54:23,153 [INFO] [NOTIFICACION] ??  ASFI Monitor ? 1 reportes FALTANTES: Fecha: 1/9/2026

  ? D001-D005 IF - Diario Encaje
2026-09-02 11:54:23,154 [INFO] [URGENTE] Enviando notificación por múltiples métodos...
2026-09-02 11:54:33,190 [INFO] Resumen: 9 exitosos | 0 pendientes | 0 errores | 1 faltantes
2026-09-02 11:54:33,194 [INFO] Revisión completada. Próxima en 15 min.
2026-09-02 11:54:33,195 [INFO] Scheduler activo. Revisando cada 15 minutos.
2026-09-02 11:54:33,195 [INFO] Presionar Ctrl+C para detener.
2026-09-02 12:07:22,794 [INFO] ============================================================
2026-09-02 12:07:22,794 [INFO] ASFI SCIP Monitor iniciado
2026-09-02 12:07:22,794 [INFO]   Usuario  : thomas.clavijo@comarapa.coop
2026-09-02 12:07:22,794 [INFO]   Intervalo: 15 minutos
2026-09-02 12:07:22,795 [INFO]   Headless : True
2026-09-02 12:07:22,795 [INFO]   Días atrás: 1
2026-09-02 12:07:22,795 [INFO] ============================================================
2026-09-02 12:07:23,053 [INFO] ============================================================
2026-09-02 12:07:23,053 [INFO] Iniciando revisión: 2026-09-02 12:07:23
2026-09-02 12:07:23,054 [INFO] Fecha a consultar: 1/9/2026 (ayer)
2026-09-02 12:07:24,556 [INFO] Iniciando navegador Chromium...
2026-09-02 12:07:33,871 [INFO] Abriendo login: https://appweb.asfi.gob.bo/SCIP/Login.aspx?ReturnUrl=%2fSCIP%2fmControlPlazos%2fControlPlazos.aspx
2026-09-02 12:07:39,283 [INFO] Ingresando credenciales...
2026-09-02 12:07:40,063 [INFO] Enviando formulario de login...
2026-09-02 12:07:43,872 [INFO] URL después del login: https://appweb.asfi.gob.bo/SCIP/Default.aspx
2026-09-02 12:07:43,872 [INFO] ✅ Login exitoso
2026-09-02 12:07:43,873 [INFO] Navegando a 'Control de Envios' en el menú principal...
2026-09-02 12:07:45,715 [INFO] URL tras click menú principal: https://appweb.asfi.gob.bo/SCIP/mControlPlazos/Default.aspx
2026-09-02 12:07:45,716 [INFO] Navegando a 'Envios' en el menú lateral...
2026-09-02 12:07:49,875 [INFO] URL tras click menú lateral: https://appweb.asfi.gob.bo/SCIP/mControlPlazos/ControlPlazos.aspx
2026-09-02 12:07:49,876 [INFO] Configurando Fecha Corte Inicial: 1/9/2026
2026-09-02 12:07:52,376 [INFO] Configurando Fecha Corte Final: 1/9/2026
2026-09-02 12:07:54,789 [INFO] Ejecutando búsqueda...
2026-09-02 12:08:00,280 [INFO] Extrayendo datos de la tabla...
2026-09-02 12:08:00,281 [INFO] Procesando página 1 de la tabla...
2026-09-02 12:08:00,372 [INFO]   Filas encontradas en página 1: 9
2026-09-02 12:08:00,776 [INFO] No hay más páginas. Total registros extraídos: 9
2026-09-02 12:08:00,864 [INFO] Navegador cerrado.
2026-09-02 12:08:00,899 [INFO] Validando reportes esperados para 1/9/2026...
2026-09-02 12:08:00,900 [WARNING] ⚠️  Reportes diarios FALTANTES: ['D001-D005 IF - Diario Encaje']
2026-09-02 12:08:00,900 [INFO] [NOTIFICACION] ??  ASFI/SCIP Monitor - 1 reportes FALTANTES: Fecha: 1/9/2026

  ? D001-D005 IF - Diario Encaje
2026-09-02 12:08:00,900 [INFO] [URGENTE] Enviando notificación por múltiples métodos...
2026-09-02 12:08:10,926 [INFO] Resumen: 9 exitosos | 0 pendientes | 0 errores | 1 faltantes
2026-09-02 12:08:10,930 [INFO] Revisión completada. Próxima en 15 min.
2026-09-02 12:09:33,220 [INFO] ============================================================
2026-09-02 12:09:33,222 [INFO] Iniciando revisión: 2026-09-02 12:09:33
2026-09-02 12:09:33,227 [INFO] Fecha a consultar: 1/9/2026 (ayer)
2026-09-02 12:09:34,169 [INFO] Iniciando navegador Chromium...
2026-09-02 12:09:41,909 [INFO] Abriendo login: https://appweb.asfi.gob.bo/SCIP/Login.aspx?ReturnUrl=%2fSCIP%2fmControlPlazos%2fControlPlazos.aspx
2026-09-02 12:09:45,189 [INFO] Ingresando credenciales...
2026-09-02 12:09:45,921 [INFO] Enviando formulario de login...
2026-09-02 12:09:49,689 [INFO] URL después del login: https://appweb.asfi.gob.bo/SCIP/Default.aspx
2026-09-02 12:09:49,690 [INFO] ✅ Login exitoso
2026-09-02 12:09:49,692 [INFO] Navegando a 'Control de Envios' en el menú principal...
2026-09-02 12:09:51,551 [INFO] URL tras click menú principal: https://appweb.asfi.gob.bo/SCIP/mControlPlazos/Default.aspx
2026-09-02 12:09:51,552 [INFO] Navegando a 'Envios' en el menú lateral...
2026-09-02 12:09:55,762 [INFO] URL tras click menú lateral: https://appweb.asfi.gob.bo/SCIP/mControlPlazos/ControlPlazos.aspx
2026-09-02 12:09:55,763 [INFO] Configurando Fecha Corte Inicial: 1/9/2026
2026-09-02 12:09:58,258 [INFO] Configurando Fecha Corte Final: 1/9/2026
2026-09-02 12:10:00,687 [INFO] Ejecutando búsqueda...
2026-09-02 12:10:06,212 [INFO] Extrayendo datos de la tabla...
2026-09-02 12:10:06,213 [INFO] Procesando página 1 de la tabla...
2026-09-02 12:10:06,303 [INFO]   Filas encontradas en página 1: 9
2026-09-02 12:10:06,671 [INFO] No hay más páginas. Total registros extraídos: 9
2026-09-02 12:10:06,753 [INFO] Navegador cerrado.
2026-09-02 12:10:06,770 [INFO] Validando reportes esperados para 1/9/2026...
2026-09-02 12:10:06,770 [WARNING] ⚠️  Reportes diarios FALTANTES: ['D001-D005 IF - Diario Encaje']
2026-09-02 12:10:06,770 [INFO] [NOTIFICACION] ??  ASFI Monitor ? 1 reportes FALTANTES: Fecha: 1/9/2026

  ? D001-D005 IF - Diario Encaje
2026-09-02 12:10:06,771 [INFO] [URGENTE] Enviando notificación por múltiples métodos...
2026-09-02 12:10:16,780 [INFO] Resumen: 9 exitosos | 0 pendientes | 0 errores | 1 faltantes
2026-09-02 12:10:16,785 [INFO] Revisión completada. Próxima en 15 min.
2026-09-02 12:13:51,479 [INFO] ============================================================
2026-09-02 12:13:51,480 [INFO] ASFI SCIP Monitor iniciado
2026-09-02 12:13:51,480 [INFO]   Usuario  : thomas.clavijo@comarapa.coop
2026-09-02 12:13:51,480 [INFO]   Intervalo: 15 minutos
2026-09-02 12:13:51,480 [INFO]   Headless : True
2026-09-02 12:13:51,480 [INFO]   Días atrás: 1
2026-09-02 12:13:51,480 [INFO] ============================================================
2026-09-02 12:13:51,646 [INFO] ============================================================
2026-09-02 12:13:51,647 [INFO] Iniciando revisión: 2026-09-02 12:13:51
2026-09-02 12:13:51,648 [INFO] Fecha a consultar: 1/9/2026 (ayer)
2026-09-02 12:13:53,190 [INFO] Iniciando navegador Chromium...
2026-09-02 12:14:05,632 [INFO] Abriendo login: https://appweb.asfi.gob.bo/SCIP/Login.aspx?ReturnUrl=%2fSCIP%2fmControlPlazos%2fControlPlazos.aspx
2026-09-02 12:14:09,060 [INFO] Ingresando credenciales...
2026-09-02 12:14:09,981 [INFO] Enviando formulario de login...
2026-09-02 12:14:13,801 [INFO] URL después del login: https://appweb.asfi.gob.bo/SCIP/Default.aspx
2026-09-02 12:14:13,802 [INFO] ✅ Login exitoso
2026-09-02 12:14:13,803 [INFO] Navegando a 'Control de Envios' en el menú principal...
2026-09-02 12:14:15,634 [INFO] URL tras click menú principal: https://appweb.asfi.gob.bo/SCIP/mControlPlazos/Default.aspx
2026-09-02 12:14:15,635 [INFO] Navegando a 'Envios' en el menú lateral...
2026-09-02 12:14:20,637 [INFO] URL tras click menú lateral: https://appweb.asfi.gob.bo/SCIP/mControlPlazos/ControlPlazos.aspx
2026-09-02 12:14:20,638 [INFO] Configurando Fecha Corte Inicial: 1/9/2026
2026-09-02 12:14:23,110 [INFO] Configurando Fecha Corte Final: 1/9/2026
2026-09-02 12:14:25,534 [INFO] Ejecutando búsqueda...
2026-09-02 12:14:31,020 [INFO] Extrayendo datos de la tabla...
2026-09-02 12:14:31,021 [INFO] Procesando página 1 de la tabla...
2026-09-02 12:14:31,108 [INFO]   Filas encontradas en página 1: 9
2026-09-02 12:14:31,494 [INFO] No hay más páginas. Total registros extraídos: 9
2026-09-02 12:14:31,578 [INFO] Navegador cerrado.
2026-09-02 12:14:31,602 [INFO] Validando reportes esperados para 1/9/2026...
2026-09-02 12:14:31,603 [WARNING] ⚠️  Reportes diarios FALTANTES: ['D001-D005 IF - Diario Encaje']
2026-09-02 12:14:31,603 [INFO] [NOTIFICACION] ??  ASFI/SCIP Monitor - 1 reportes FALTANTES: Fecha: 1/9/2026

  ? D001-D005 IF - Diario Encaje
2026-09-02 12:14:31,604 [INFO] [URGENTE] Enviando notificación por múltiples métodos...
2026-09-02 12:14:41,633 [INFO] Resumen: 9 exitosos | 0 pendientes | 0 errores | 1 faltantes
2026-09-02 12:14:41,640 [INFO] Revisión completada. Próxima en 15 min.
2026-09-02 12:15:03,672 [INFO] ============================================================
2026-09-02 12:15:03,672 [INFO] ASFI SCIP Monitor iniciado
2026-09-02 12:15:03,672 [INFO]   Usuario  : thomas.clavijo@comarapa.coop
2026-09-02 12:15:03,672 [INFO]   Intervalo: 15 minutos
2026-09-02 12:15:03,673 [INFO]   Headless : False
2026-09-02 12:15:03,673 [INFO]   Días atrás: 1
2026-09-02 12:15:03,673 [INFO] ============================================================
2026-09-02 12:15:03,843 [INFO] ============================================================
2026-09-02 12:15:03,844 [INFO] Iniciando revisión: 2026-09-02 12:15:03
2026-09-02 12:15:03,845 [INFO] Fecha a consultar: 1/9/2026 (ayer)
2026-09-02 12:15:05,116 [INFO] Iniciando navegador Chromium...
2026-09-02 12:15:08,289 [INFO] Abriendo login: https://appweb.asfi.gob.bo/SCIP/Login.aspx?ReturnUrl=%2fSCIP%2fmControlPlazos%2fControlPlazos.aspx
2026-09-02 12:15:11,395 [INFO] Ingresando credenciales...
2026-09-02 12:15:12,145 [INFO] Enviando formulario de login...
2026-09-02 12:15:16,122 [INFO] URL después del login: https://appweb.asfi.gob.bo/SCIP/Default.aspx
2026-09-02 12:15:16,123 [INFO] ✅ Login exitoso
2026-09-02 12:15:16,124 [INFO] Navegando a 'Control de Envios' en el menú principal...
2026-09-02 12:15:17,972 [INFO] URL tras click menú principal: https://appweb.asfi.gob.bo/SCIP/mControlPlazos/Default.aspx
2026-09-02 12:15:17,973 [INFO] Navegando a 'Envios' en el menú lateral...
2026-09-02 12:15:22,536 [INFO] URL tras click menú lateral: https://appweb.asfi.gob.bo/SCIP/mControlPlazos/ControlPlazos.aspx
2026-09-02 12:15:22,537 [INFO] Configurando Fecha Corte Inicial: 1/9/2026
2026-09-02 12:15:24,988 [INFO] Configurando Fecha Corte Final: 1/9/2026
2026-09-02 12:15:27,354 [INFO] Ejecutando búsqueda...
2026-09-02 12:15:32,746 [INFO] Extrayendo datos de la tabla...
2026-09-02 12:15:32,747 [INFO] Procesando página 1 de la tabla...
2026-09-02 12:15:32,839 [INFO]   Filas encontradas en página 1: 9
2026-09-02 12:15:33,219 [INFO] No hay más páginas. Total registros extraídos: 9
2026-09-02 12:15:33,633 [INFO] Navegador cerrado.
2026-09-02 12:15:33,651 [INFO] Validando reportes esperados para 1/9/2026...
2026-09-02 12:15:33,651 [WARNING] ⚠️  Reportes diarios FALTANTES: ['D001-D005 IF - Diario Encaje']
2026-09-02 12:15:33,651 [INFO] [NOTIFICACION] ??  ASFI/SCIP Monitor - 1 reportes FALTANTES: Fecha: 1/9/2026

  ? D001-D005 IF - Diario Encaje
2026-09-02 12:15:33,651 [INFO] [URGENTE] Enviando notificación por múltiples métodos...
2026-09-02 12:15:43,677 [INFO] Resumen: 9 exitosos | 0 pendientes | 0 errores | 1 faltantes
2026-09-02 12:15:43,679 [INFO] Revisión completada. Próxima en 15 min.
2026-09-02 12:23:16,255 [INFO] ============================================================
2026-09-02 12:23:16,256 [INFO] ASFI SCIP Monitor iniciado
2026-09-02 12:23:16,256 [INFO]   Usuario  : thomas.clavijo@comarapa.coop
2026-09-02 12:23:16,256 [INFO]   Intervalo: 15 minutos
2026-09-02 12:23:16,256 [INFO]   Headless : True
2026-09-02 12:23:16,256 [INFO]   Días atrás: 1
2026-09-02 12:23:16,256 [INFO] ============================================================
2026-09-02 12:23:16,436 [INFO] ============================================================
2026-09-02 12:23:16,436 [INFO] Iniciando revisión: 2026-09-02 12:23:16
2026-09-02 12:23:16,438 [INFO] Fecha a consultar: 1/9/2026 (ayer)
2026-09-02 12:23:17,772 [INFO] Iniciando navegador Chromium...
2026-09-02 12:23:26,157 [INFO] Abriendo login: https://appweb.asfi.gob.bo/SCIP/Login.aspx?ReturnUrl=%2fSCIP%2fmControlPlazos%2fControlPlazos.aspx
2026-09-02 12:23:29,454 [INFO] Ingresando credenciales...
2026-09-02 12:23:30,248 [INFO] Enviando formulario de login...
2026-09-02 12:23:33,964 [INFO] URL después del login: https://appweb.asfi.gob.bo/SCIP/Default.aspx
2026-09-02 12:23:33,965 [INFO] ✅ Login exitoso
2026-09-02 12:23:33,966 [INFO] Navegando a 'Control de Envios' en el menú principal...
2026-09-02 12:23:36,283 [INFO] URL tras click menú principal: https://appweb.asfi.gob.bo/SCIP/mControlPlazos/Default.aspx
2026-09-02 12:23:36,284 [INFO] Navegando a 'Envios' en el menú lateral...
2026-09-02 12:23:40,406 [INFO] URL tras click menú lateral: https://appweb.asfi.gob.bo/SCIP/mControlPlazos/ControlPlazos.aspx
2026-09-02 12:23:40,407 [INFO] Configurando Fecha Corte Inicial: 1/9/2026
2026-09-02 12:23:42,830 [INFO] Configurando Fecha Corte Final: 1/9/2026
2026-09-02 12:23:45,171 [INFO] Ejecutando búsqueda...
2026-09-02 12:23:50,737 [INFO] Extrayendo datos de la tabla...
2026-09-02 12:23:50,738 [INFO] Procesando página 1 de la tabla...
2026-09-02 12:23:50,832 [INFO]   Filas encontradas en página 1: 9
2026-09-02 12:23:51,236 [INFO] No hay más páginas. Total registros extraídos: 9
2026-09-02 12:23:51,321 [INFO] Navegador cerrado.
2026-09-02 12:23:51,347 [INFO] Validando reportes esperados para 1/9/2026...
2026-09-02 12:23:51,348 [WARNING] ⚠️  Reportes diarios FALTANTES: ['D001-D005 IF - Diario Encaje']
2026-09-02 12:23:51,349 [INFO] [NOTIFICACION] ??  ASFI/SCIP Monitor - 1 reportes FALTANTES: Fecha: 1/9/2026

  ? D001-D005 IF - Diario Encaje
2026-09-02 12:23:51,349 [INFO] [URGENTE] Enviando notificación por múltiples métodos...
2026-09-02 12:24:01,367 [INFO] Resumen: 9 exitosos | 0 pendientes | 0 errores | 1 faltantes
2026-09-02 12:24:01,463 [INFO] Revisión completada. Próxima en 15 min.
2026-09-02 12:25:16,804 [INFO] ============================================================
2026-09-02 12:25:16,807 [INFO] Iniciando revisión: 2026-09-02 12:25:16
2026-09-02 12:25:16,813 [INFO] Fecha a consultar: 1/9/2026 (ayer)
2026-09-02 12:25:18,779 [INFO] Iniciando navegador Chromium...
2026-09-02 12:25:26,141 [INFO] Abriendo login: https://appweb.asfi.gob.bo/SCIP/Login.aspx?ReturnUrl=%2fSCIP%2fmControlPlazos%2fControlPlazos.aspx
2026-09-02 12:25:29,491 [INFO] Ingresando credenciales...
2026-09-02 12:25:30,210 [INFO] Enviando formulario de login...
2026-09-02 12:25:33,260 [INFO] ============================================================
2026-09-02 12:25:33,261 [INFO] ASFI SCIP Monitor iniciado
2026-09-02 12:25:33,261 [INFO]   Usuario  : thomas.clavijo@comarapa.coop
2026-09-02 12:25:33,261 [INFO]   Intervalo: 15 minutos
2026-09-02 12:25:33,261 [INFO]   Headless : True
2026-09-02 12:25:33,262 [INFO]   Días atrás: 1
2026-09-02 12:25:33,262 [INFO] ============================================================
2026-09-02 12:25:33,427 [INFO] ============================================================
2026-09-02 12:25:33,427 [INFO] Iniciando revisión: 2026-09-02 12:25:33
2026-09-02 12:25:33,428 [INFO] Fecha a consultar: 1/9/2026 (ayer)
2026-09-02 12:25:33,861 [INFO] URL después del login: https://appweb.asfi.gob.bo/SCIP/Default.aspx
2026-09-02 12:25:33,862 [INFO] ✅ Login exitoso
2026-09-02 12:25:33,862 [INFO] Navegando a 'Control de Envios' en el menú principal...
2026-09-02 12:25:34,627 [INFO] Iniciando navegador Chromium...
2026-09-02 12:25:35,673 [INFO] URL tras click menú principal: https://appweb.asfi.gob.bo/SCIP/mControlPlazos/Default.aspx
2026-09-02 12:25:35,673 [INFO] Navegando a 'Envios' en el menú lateral...
2026-09-02 12:25:40,322 [INFO] URL tras click menú lateral: https://appweb.asfi.gob.bo/SCIP/mControlPlazos/ControlPlazos.aspx
2026-09-02 12:25:40,345 [INFO] Configurando Fecha Corte Inicial: 1/9/2026
2026-09-02 12:25:42,915 [INFO] Configurando Fecha Corte Final: 1/9/2026
2026-09-02 12:25:44,141 [INFO] Abriendo login: https://appweb.asfi.gob.bo/SCIP/Login.aspx?ReturnUrl=%2fSCIP%2fmControlPlazos%2fControlPlazos.aspx
2026-09-02 12:25:45,725 [INFO] Ejecutando búsqueda...
2026-09-02 12:25:47,949 [INFO] Ingresando credenciales...
2026-09-02 12:25:48,712 [INFO] Enviando formulario de login...
2026-09-02 12:25:50,568 [INFO] Extrayendo datos de la tabla...
2026-09-02 12:25:50,569 [INFO] Procesando página 1 de la tabla...
2026-09-02 12:25:50,628 [INFO]   Filas encontradas en página 1: 9
2026-09-02 12:25:51,160 [INFO] No hay más páginas. Total registros extraídos: 9
2026-09-02 12:25:51,256 [INFO] Navegador cerrado.
2026-09-02 12:25:51,282 [INFO] Validando reportes esperados para 1/9/2026...
2026-09-02 12:25:51,282 [WARNING] ⚠️  Reportes diarios FALTANTES: ['D001-D005 IF - Diario Encaje']
2026-09-02 12:25:51,283 [INFO] [NOTIFICACION] ??  ASFI Monitor ? 1 reportes FALTANTES: Fecha: 1/9/2026

  ? D001-D005 IF - Diario Encaje
2026-09-02 12:25:51,283 [INFO] [URGENTE] Enviando notificación por múltiples métodos...
2026-09-02 12:25:53,105 [INFO] URL después del login: https://appweb.asfi.gob.bo/SCIP/Default.aspx
2026-09-02 12:25:53,106 [INFO] ✅ Login exitoso
2026-09-02 12:25:53,106 [INFO] Navegando a 'Control de Envios' en el menú principal...
2026-09-02 12:25:55,796 [INFO] URL tras click menú principal: https://appweb.asfi.gob.bo/SCIP/mControlPlazos/Default.aspx
2026-09-02 12:25:55,797 [INFO] Navegando a 'Envios' en el menú lateral...
2026-09-02 12:26:00,183 [INFO] URL tras click menú lateral: https://appweb.asfi.gob.bo/SCIP/mControlPlazos/ControlPlazos.aspx
2026-09-02 12:26:00,183 [INFO] Configurando Fecha Corte Inicial: 1/9/2026
2026-09-02 12:26:01,303 [INFO] Resumen: 9 exitosos | 0 pendientes | 0 errores | 1 faltantes
2026-09-02 12:26:01,313 [INFO] Revisión completada. Próxima en 15 min.
2026-09-02 12:26:02,639 [INFO] Configurando Fecha Corte Final: 1/9/2026
2026-09-02 12:26:05,017 [INFO] Ejecutando búsqueda...
2026-09-02 12:26:10,611 [INFO] Extrayendo datos de la tabla...
2026-09-02 12:26:10,612 [INFO] Procesando página 1 de la tabla...
2026-09-02 12:26:10,692 [INFO]   Filas encontradas en página 1: 9
2026-09-02 12:26:11,105 [INFO] No hay más páginas. Total registros extraídos: 9
2026-09-02 12:26:11,200 [INFO] Navegador cerrado.
2026-09-02 12:26:11,220 [INFO] Validando reportes esperados para 1/9/2026...
2026-09-02 12:26:11,221 [WARNING] ⚠️  Reportes diarios FALTANTES: ['D001-D005 IF - Diario Encaje']
2026-09-02 12:26:11,221 [INFO] [NOTIFICACION] ?? ASFI/SCIP Monitor - 1 reportes FALTANTES: Fecha: 1/9/2026

  ? D001-D005 IF - Diario Encaje
2026-09-02 12:26:11,221 [INFO] [URGENTE] Enviando notificación por múltiples métodos...
2026-09-02 12:26:21,240 [INFO] Resumen: 9 exitosos | 0 pendientes | 0 errores | 1 faltantes
2026-09-02 12:26:21,244 [INFO] Revisión completada. Próxima en 15 min.
2026-09-02 12:29:42,799 [INFO] [NOTIFICACION] ? ASFI/SCIP Monitor - Prueba OK: Las notificaciones funcionan correctamente. El monitor est? listo.
2026-09-02 12:29:47,658 [INFO] [NOTIFICACION] ? ASFI/SCIP Monitor - Prueba de ERROR: D007 IF - Diario Operaciones Interbancarias
Fecha: 2026-08-28 | Diferencia: 744 bytes
Revisar report
2026-09-02 12:29:47,660 [INFO] [URGENTE] Enviando notificación por múltiples métodos...
2026-09-02 12:31:43,018 [INFO] Monitor detenido por el usuario.
2026-09-02 12:31:43,020 [INFO] [NOTIFICACION] ASFI Monitor detenido: El monitoreo fue detenido manualmente.
2026-09-02 12:31:56,380 [INFO] ============================================================
2026-09-02 12:31:56,380 [INFO] ASFI SCIP Monitor iniciado
2026-09-02 12:31:56,380 [INFO]   Usuario  : thomas.clavijo@comarapa.coop
2026-09-02 12:31:56,381 [INFO]   Intervalo: 15 minutos
2026-09-02 12:31:56,381 [INFO]   Headless : True
2026-09-02 12:31:56,381 [INFO]   Días atrás: 1
2026-09-02 12:31:56,381 [INFO] ============================================================
2026-09-02 12:31:56,558 [INFO] ============================================================
2026-09-02 12:31:56,559 [INFO] Iniciando revisión: 2026-09-02 12:31:56
2026-09-02 12:31:56,560 [INFO] Fecha a consultar: 1/9/2026 (ayer)
2026-09-02 12:31:58,169 [INFO] Iniciando navegador Chromium...
2026-09-02 12:32:07,049 [INFO] Abriendo login: https://appweb.asfi.gob.bo/SCIP/Login.aspx?ReturnUrl=%2fSCIP%2fmControlPlazos%2fControlPlazos.aspx
2026-09-02 12:32:10,294 [INFO] Ingresando credenciales...
2026-09-02 12:32:11,003 [INFO] Enviando formulario de login...
2026-09-02 12:32:15,028 [INFO] URL después del login: https://appweb.asfi.gob.bo/SCIP/Default.aspx
2026-09-02 12:32:15,029 [INFO] ✅ Login exitoso
2026-09-02 12:32:15,063 [INFO] Navegando a 'Control de Envios' en el menú principal...
2026-09-02 12:32:16,877 [INFO] URL tras click menú principal: https://appweb.asfi.gob.bo/SCIP/mControlPlazos/Default.aspx
2026-09-02 12:32:16,878 [INFO] Navegando a 'Envios' en el menú lateral...
2026-09-02 12:32:21,522 [INFO] URL tras click menú lateral: https://appweb.asfi.gob.bo/SCIP/mControlPlazos/ControlPlazos.aspx
2026-09-02 12:32:21,523 [INFO] Configurando Fecha Corte Inicial: 1/9/2026
2026-09-02 12:32:23,987 [INFO] Configurando Fecha Corte Final: 1/9/2026
2026-09-02 12:32:26,371 [INFO] Ejecutando búsqueda...
2026-09-02 12:32:31,985 [INFO] Extrayendo datos de la tabla...
2026-09-02 12:32:31,985 [INFO] Procesando página 1 de la tabla...
2026-09-02 12:32:32,067 [INFO]   Filas encontradas en página 1: 9
2026-09-02 12:32:32,527 [INFO] No hay más páginas. Total registros extraídos: 9
2026-09-02 12:32:32,623 [INFO] Navegador cerrado.
2026-09-02 12:32:32,656 [INFO] Validando reportes esperados para 1/9/2026...
2026-09-02 12:32:32,657 [WARNING] ⚠️  Reportes diarios FALTANTES: ['D001-D005 IF - Diario Encaje']
2026-09-02 12:32:32,657 [INFO] [NOTIFICACION] ?? ASFI/SCIP Monitor - 1 reportes FALTANTES: Fecha: 1/9/2026

  ? D001-D005 IF - Diario Encaje
2026-09-02 12:32:32,657 [INFO] [URGENTE] Enviando notificación por múltiples métodos...
2026-09-02 12:32:42,684 [INFO] Resumen: 9 exitosos | 0 pendientes | 0 errores | 1 faltantes
2026-09-02 12:32:42,686 [INFO] Revisión completada. Próxima en 15 min.
2026-09-02 12:32:55,892 [INFO] ============================================================
2026-09-02 12:32:55,892 [INFO] ASFI SCIP Monitor iniciado
2026-09-02 12:32:55,893 [INFO]   Usuario  : thomas.clavijo@comarapa.coop
2026-09-02 12:32:55,893 [INFO]   Intervalo: 15 minutos
2026-09-02 12:32:55,893 [INFO]   Headless : True
2026-09-02 12:32:55,893 [INFO]   Días atrás: 1
2026-09-02 12:32:55,893 [INFO] ============================================================
2026-09-02 12:32:56,068 [INFO] [NOTIFICACION] ASFI/SCIP Monitor iniciado: Monitoreando reportes cada 15 min.
2026-09-02 12:32:59,631 [INFO] ============================================================
2026-09-02 12:32:59,631 [INFO] Iniciando revisión: 2026-09-02 12:32:59
2026-09-02 12:32:59,632 [INFO] Fecha a consultar: 1/9/2026 (ayer)
2026-09-02 12:33:00,565 [INFO] Iniciando navegador Chromium...
2026-09-02 12:33:08,517 [INFO] Abriendo login: https://appweb.asfi.gob.bo/SCIP/Login.aspx?ReturnUrl=%2fSCIP%2fmControlPlazos%2fControlPlazos.aspx
2026-09-02 12:33:11,974 [INFO] Ingresando credenciales...
2026-09-02 12:33:12,707 [INFO] Enviando formulario de login...
2026-09-02 12:33:16,482 [INFO] URL después del login: https://appweb.asfi.gob.bo/SCIP/Default.aspx
2026-09-02 12:33:16,482 [INFO] ✅ Login exitoso
2026-09-02 12:33:16,483 [INFO] Navegando a 'Control de Envios' en el menú principal...
2026-09-02 12:33:18,294 [INFO] URL tras click menú principal: https://appweb.asfi.gob.bo/SCIP/mControlPlazos/Default.aspx
2026-09-02 12:33:18,294 [INFO] Navegando a 'Envios' en el menú lateral...
2026-09-02 12:33:22,362 [INFO] URL tras click menú lateral: https://appweb.asfi.gob.bo/SCIP/mControlPlazos/ControlPlazos.aspx
2026-09-02 12:33:22,363 [INFO] Configurando Fecha Corte Inicial: 1/9/2026
2026-09-02 12:33:24,854 [INFO] Configurando Fecha Corte Final: 1/9/2026
2026-09-02 12:33:27,208 [INFO] Ejecutando búsqueda...
2026-09-02 12:33:32,958 [INFO] Extrayendo datos de la tabla...
2026-09-02 12:33:32,959 [INFO] Procesando página 1 de la tabla...
2026-09-02 12:33:33,052 [INFO]   Filas encontradas en página 1: 9
2026-09-02 12:33:33,429 [INFO] No hay más páginas. Total registros extraídos: 9
2026-09-02 12:33:33,511 [INFO] Navegador cerrado.
2026-09-02 12:33:33,528 [INFO] Validando reportes esperados para 1/9/2026...
2026-09-02 12:33:33,528 [WARNING] ⚠️  Reportes diarios FALTANTES: ['D001-D005 IF - Diario Encaje']
2026-09-02 12:33:33,528 [INFO] [NOTIFICACION] ?? ASFI/SCIP Monitor - 1 reportes FALTANTES: Fecha: 1/9/2026

  ? D001-D005 IF - Diario Encaje
2026-09-02 12:33:33,528 [INFO] [URGENTE] Enviando notificación por múltiples métodos...
2026-09-02 12:33:43,552 [INFO] Resumen: 9 exitosos | 0 pendientes | 0 errores | 1 faltantes
2026-09-02 12:33:43,562 [INFO] Revisión completada. Próxima en 15 min.
2026-09-02 12:33:43,564 [INFO] Scheduler activo. Revisando cada 15 minutos.
2026-09-02 12:33:43,565 [INFO] Presionar Ctrl+C para detener.
2026-09-02 12:41:38,924 [INFO] ============================================================
2026-09-02 12:41:38,924 [INFO] ASFI SCIP Monitor iniciado
2026-09-02 12:41:38,924 [INFO]   Usuario  : thomas.clavijo@comarapa.coop
2026-09-02 12:41:38,924 [INFO]   Intervalo: 15 minutos
2026-09-02 12:41:38,925 [INFO]   Headless : False
2026-09-02 12:41:38,925 [INFO]   Días atrás: 1
2026-09-02 12:41:38,925 [INFO] ============================================================
2026-09-02 12:41:39,150 [INFO] ============================================================
2026-09-02 12:41:39,151 [INFO] Iniciando revisión: 2026-09-02 12:41:39
2026-09-02 12:41:39,152 [INFO] Fecha a consultar: 1/9/2026 (ayer)
2026-09-02 12:41:40,836 [INFO] Iniciando navegador Chromium...
2026-09-02 12:41:44,280 [INFO] Abriendo login: https://appweb.asfi.gob.bo/SCIP/Login.aspx?ReturnUrl=%2fSCIP%2fmControlPlazos%2fControlPlazos.aspx
2026-09-02 12:41:47,531 [INFO] Ingresando credenciales...
2026-09-02 12:41:48,298 [INFO] Enviando formulario de login...
2026-09-02 12:41:52,288 [INFO] URL después del login: https://appweb.asfi.gob.bo/SCIP/Default.aspx
2026-09-02 12:41:52,288 [INFO] ✅ Login exitoso
2026-09-02 12:41:52,288 [INFO] Navegando a 'Control de Envios' en el menú principal...
2026-09-02 12:41:54,118 [INFO] URL tras click menú principal: https://appweb.asfi.gob.bo/SCIP/mControlPlazos/Default.aspx
2026-09-02 12:41:54,118 [INFO] Navegando a 'Envios' en el menú lateral...
2026-09-02 12:41:58,186 [INFO] URL tras click menú lateral: https://appweb.asfi.gob.bo/SCIP/mControlPlazos/ControlPlazos.aspx
2026-09-02 12:41:58,187 [INFO] Configurando Fecha Corte Inicial: 1/9/2026
2026-09-02 12:42:00,555 [INFO] Configurando Fecha Corte Final: 1/9/2026
2026-09-02 12:42:02,830 [INFO] Ejecutando búsqueda...
2026-09-02 12:42:08,452 [INFO] Extrayendo datos de la tabla...
2026-09-02 12:42:08,452 [INFO] Procesando página 1 de la tabla...
2026-09-02 12:42:08,517 [INFO]   Filas encontradas en página 1: 9
2026-09-02 12:42:08,986 [INFO] No hay más páginas. Total registros extraídos: 9
2026-09-02 12:42:09,437 [INFO] Navegador cerrado.
2026-09-02 12:42:09,467 [INFO] Validando reportes esperados para 1/9/2026...
2026-09-02 12:42:09,467 [WARNING] ⚠️  Reportes diarios FALTANTES: ['D001-D005 IF - Diario Encaje']
2026-09-02 12:42:09,468 [INFO] [NOTIFICACION] ?? ASFI/SCIP Monitor - 1 reportes FALTANTES: Fecha: 1/9/2026

  ? D001-D005 IF - Diario Encaje
2026-09-02 12:42:09,468 [INFO] [URGENTE] Enviando notificación por múltiples métodos...
2026-09-02 12:42:19,497 [INFO] Resumen: 9 exitosos | 0 pendientes | 0 errores | 1 faltantes
2026-09-02 12:42:19,499 [INFO] Revisión completada. Próxima en 15 min.
2026-09-02 12:42:27,222 [INFO] ============================================================
2026-09-02 12:42:27,222 [INFO] ASFI SCIP Monitor iniciado
2026-09-02 12:42:27,223 [INFO]   Usuario  : thomas.clavijo@comarapa.coop
2026-09-02 12:42:27,223 [INFO]   Intervalo: 15 minutos
2026-09-02 12:42:27,223 [INFO]   Headless : True
2026-09-02 12:42:27,223 [INFO]   Días atrás: 1
2026-09-02 12:42:27,223 [INFO] ============================================================
2026-09-02 12:42:27,414 [INFO] ============================================================
2026-09-02 12:42:27,414 [INFO] Iniciando revisión: 2026-09-02 12:42:27
2026-09-02 12:42:27,416 [INFO] Fecha a consultar: 1/9/2026 (ayer)
2026-09-02 12:42:28,774 [INFO] Iniciando navegador Chromium...
2026-09-02 12:42:38,600 [INFO] Abriendo login: https://appweb.asfi.gob.bo/SCIP/Login.aspx?ReturnUrl=%2fSCIP%2fmControlPlazos%2fControlPlazos.aspx
2026-09-02 12:42:44,261 [INFO] Ingresando credenciales...
2026-09-02 12:42:44,995 [INFO] Enviando formulario de login...
2026-09-02 12:42:48,720 [INFO] URL después del login: https://appweb.asfi.gob.bo/SCIP/Default.aspx
2026-09-02 12:42:48,720 [INFO] ✅ Login exitoso
2026-09-02 12:42:48,720 [INFO] Navegando a 'Control de Envios' en el menú principal...
2026-09-02 12:42:50,503 [INFO] URL tras click menú principal: https://appweb.asfi.gob.bo/SCIP/mControlPlazos/Default.aspx
2026-09-02 12:42:50,504 [INFO] Navegando a 'Envios' en el menú lateral...
2026-09-02 12:42:54,554 [INFO] URL tras click menú lateral: https://appweb.asfi.gob.bo/SCIP/mControlPlazos/ControlPlazos.aspx
2026-09-02 12:42:54,555 [INFO] Configurando Fecha Corte Inicial: 1/9/2026
2026-09-02 12:42:56,873 [INFO] Configurando Fecha Corte Final: 1/9/2026
2026-09-02 12:42:59,139 [INFO] Ejecutando búsqueda...
2026-09-02 12:43:04,573 [INFO] Extrayendo datos de la tabla...
2026-09-02 12:43:04,573 [INFO] Procesando página 1 de la tabla...
2026-09-02 12:43:04,630 [INFO]   Filas encontradas en página 1: 9
2026-09-02 12:43:05,093 [INFO] No hay más páginas. Total registros extraídos: 9
2026-09-02 12:43:05,186 [INFO] Navegador cerrado.
2026-09-02 12:43:05,209 [INFO] Validando reportes esperados para 1/9/2026...
2026-09-02 12:43:05,209 [WARNING] ⚠️  Reportes diarios FALTANTES: ['D001-D005 IF - Diario Encaje']
2026-09-02 12:43:05,209 [INFO] [NOTIFICACION] ?? ASFI/SCIP Monitor - 1 reportes FALTANTES: Fecha: 1/9/2026

  ? D001-D005 IF - Diario Encaje
2026-09-02 12:43:05,210 [INFO] [URGENTE] Enviando notificación por múltiples métodos...
2026-09-02 12:43:15,185 [INFO] Resumen: 9 exitosos | 0 pendientes | 0 errores | 1 faltantes
2026-09-02 12:43:15,188 [INFO] Revisión completada. Próxima en 15 min.
2026-09-02 12:48:43,594 [INFO] ============================================================
2026-09-02 12:48:43,596 [INFO] Iniciando revisión: 2026-09-02 12:48:43
2026-09-02 12:48:43,602 [INFO] Fecha a consultar: 1/9/2026 (ayer)
2026-09-02 12:48:44,564 [INFO] Iniciando navegador Chromium...
2026-09-02 12:48:52,192 [INFO] Abriendo login: https://appweb.asfi.gob.bo/SCIP/Login.aspx?ReturnUrl=%2fSCIP%2fmControlPlazos%2fControlPlazos.aspx
2026-09-02 12:48:55,562 [INFO] Ingresando credenciales...
2026-09-02 12:48:56,281 [INFO] Enviando formulario de login...
2026-09-02 12:49:00,048 [INFO] URL después del login: https://appweb.asfi.gob.bo/SCIP/Default.aspx
2026-09-02 12:49:00,049 [INFO] ✅ Login exitoso
2026-09-02 12:49:00,052 [INFO] Navegando a 'Control de Envios' en el menú principal...
2026-09-02 12:49:01,928 [INFO] URL tras click menú principal: https://appweb.asfi.gob.bo/SCIP/mControlPlazos/Default.aspx
2026-09-02 12:49:01,930 [INFO] Navegando a 'Envios' en el menú lateral...
2026-09-02 12:49:06,262 [INFO] URL tras click menú lateral: https://appweb.asfi.gob.bo/SCIP/mControlPlazos/ControlPlazos.aspx
2026-09-02 12:49:06,264 [INFO] Configurando Fecha Corte Inicial: 1/9/2026
2026-09-02 12:49:08,774 [INFO] Configurando Fecha Corte Final: 1/9/2026
2026-09-02 12:49:11,200 [INFO] Ejecutando búsqueda...
2026-09-02 12:49:16,923 [INFO] Extrayendo datos de la tabla...
2026-09-02 12:49:16,924 [INFO] Procesando página 1 de la tabla...
2026-09-02 12:49:17,008 [INFO]   Filas encontradas en página 1: 9
2026-09-02 12:49:17,385 [INFO] No hay más páginas. Total registros extraídos: 9
2026-09-02 12:49:17,454 [INFO] Navegador cerrado.
2026-09-02 12:49:17,471 [INFO] Validando reportes esperados para 1/9/2026...
2026-09-02 12:49:17,471 [WARNING] ⚠️  Reportes diarios FALTANTES: ['D001-D005 IF - Diario Encaje']
2026-09-02 12:49:17,472 [INFO] [NOTIFICACION] ?? ASFI/SCIP Monitor - 1 reportes FALTANTES: Fecha: 1/9/2026

  ? D001-D005 IF - Diario Encaje
2026-09-02 12:49:17,472 [INFO] [URGENTE] Enviando notificación por múltiples métodos...
2026-09-02 12:49:27,481 [INFO] Resumen: 9 exitosos | 0 pendientes | 0 errores | 1 faltantes
2026-09-02 12:49:27,489 [INFO] Revisión completada. Próxima en 15 min.
2026-09-02 13:04:27,510 [INFO] ============================================================
2026-09-02 13:04:27,512 [INFO] Iniciando revisión: 2026-09-02 13:04:27
2026-09-02 13:04:27,521 [INFO] Fecha a consultar: 1/9/2026 (ayer)
2026-09-02 13:04:28,786 [INFO] Iniciando navegador Chromium...
2026-09-02 13:04:37,918 [INFO] Abriendo login: https://appweb.asfi.gob.bo/SCIP/Login.aspx?ReturnUrl=%2fSCIP%2fmControlPlazos%2fControlPlazos.aspx
2026-09-02 13:04:43,326 [INFO] Ingresando credenciales...
2026-09-02 13:04:44,137 [INFO] Enviando formulario de login...
2026-09-02 13:04:47,928 [INFO] URL después del login: https://appweb.asfi.gob.bo/SCIP/Default.aspx
2026-09-02 13:04:47,930 [INFO] ✅ Login exitoso
2026-09-02 13:04:47,934 [INFO] Navegando a 'Control de Envios' en el menú principal...
2026-09-02 13:04:49,796 [INFO] URL tras click menú principal: https://appweb.asfi.gob.bo/SCIP/mControlPlazos/Default.aspx
2026-09-02 13:04:49,797 [INFO] Navegando a 'Envios' en el menú lateral...
2026-09-02 13:04:54,059 [INFO] URL tras click menú lateral: https://appweb.asfi.gob.bo/SCIP/mControlPlazos/ControlPlazos.aspx
2026-09-02 13:04:54,060 [INFO] Configurando Fecha Corte Inicial: 1/9/2026
2026-09-02 13:04:56,578 [INFO] Configurando Fecha Corte Final: 1/9/2026
2026-09-02 13:04:59,006 [INFO] Ejecutando búsqueda...
2026-09-02 13:05:04,679 [INFO] Extrayendo datos de la tabla...
2026-09-02 13:05:04,680 [INFO] Procesando página 1 de la tabla...
2026-09-02 13:05:04,768 [INFO]   Filas encontradas en página 1: 9
2026-09-02 13:05:05,168 [INFO] No hay más páginas. Total registros extraídos: 9
2026-09-02 13:05:05,243 [INFO] Navegador cerrado.
2026-09-02 13:05:05,274 [INFO] Validando reportes esperados para 1/9/2026...
2026-09-02 13:05:05,274 [WARNING] ⚠️  Reportes diarios FALTANTES: ['D001-D005 IF - Diario Encaje']
2026-09-02 13:05:05,275 [INFO] [NOTIFICACION] ?? ASFI/SCIP Monitor - 1 reportes FALTANTES: Fecha: 1/9/2026

  ? D001-D005 IF - Diario Encaje
2026-09-02 13:05:05,276 [INFO] [URGENTE] Enviando notificación por múltiples métodos...
2026-09-02 13:05:15,302 [INFO] Resumen: 9 exitosos | 0 pendientes | 0 errores | 1 faltantes
2026-09-02 13:05:15,311 [INFO] Revisión completada. Próxima en 15 min.
2026-09-02 13:20:15,332 [INFO] ============================================================
2026-09-02 13:20:15,334 [INFO] Iniciando revisión: 2026-09-02 13:20:15
2026-09-02 13:20:15,339 [INFO] Fecha a consultar: 1/9/2026 (ayer)
2026-09-02 13:20:16,284 [INFO] Iniciando navegador Chromium...
2026-09-02 13:20:23,853 [INFO] Abriendo login: https://appweb.asfi.gob.bo/SCIP/Login.aspx?ReturnUrl=%2fSCIP%2fmControlPlazos%2fControlPlazos.aspx
2026-09-02 13:20:29,454 [INFO] Ingresando credenciales...
2026-09-02 13:20:30,218 [INFO] Enviando formulario de login...
2026-09-02 13:20:34,025 [INFO] URL después del login: https://appweb.asfi.gob.bo/SCIP/Default.aspx
2026-09-02 13:20:34,026 [INFO] ✅ Login exitoso
2026-09-02 13:20:34,028 [INFO] Navegando a 'Control de Envios' en el menú principal...
2026-09-02 13:20:35,886 [INFO] URL tras click menú principal: https://appweb.asfi.gob.bo/SCIP/mControlPlazos/Default.aspx
2026-09-02 13:20:35,888 [INFO] Navegando a 'Envios' en el menú lateral...
2026-09-02 13:20:39,954 [INFO] URL tras click menú lateral: https://appweb.asfi.gob.bo/SCIP/mControlPlazos/ControlPlazos.aspx
2026-09-02 13:20:39,956 [INFO] Configurando Fecha Corte Inicial: 1/9/2026
2026-09-02 13:20:42,461 [INFO] Configurando Fecha Corte Final: 1/9/2026
2026-09-02 13:20:44,844 [INFO] Ejecutando búsqueda...
2026-09-02 13:20:50,306 [INFO] Extrayendo datos de la tabla...
2026-09-02 13:20:50,307 [INFO] Procesando página 1 de la tabla...
2026-09-02 13:20:50,396 [INFO]   Filas encontradas en página 1: 9
2026-09-02 13:20:50,803 [INFO] No hay más páginas. Total registros extraídos: 9
2026-09-02 13:20:50,877 [INFO] Navegador cerrado.
2026-09-02 13:20:50,894 [INFO] Validando reportes esperados para 1/9/2026...
2026-09-02 13:20:50,894 [WARNING] ⚠️  Reportes diarios FALTANTES: ['D001-D005 IF - Diario Encaje']
2026-09-02 13:20:50,894 [INFO] [NOTIFICACION] ?? ASFI/SCIP Monitor - 1 reportes FALTANTES: Fecha: 1/9/2026

  ? D001-D005 IF - Diario Encaje
2026-09-02 13:20:50,895 [INFO] [URGENTE] Enviando notificación por múltiples métodos...
2026-09-02 13:21:00,911 [INFO] Resumen: 9 exitosos | 0 pendientes | 0 errores | 1 faltantes
2026-09-02 13:21:00,918 [INFO] Revisión completada. Próxima en 15 min.
2026-09-02 13:36:00,938 [INFO] ============================================================
2026-09-02 13:36:00,940 [INFO] Iniciando revisión: 2026-09-02 13:36:00
2026-09-02 13:36:00,946 [INFO] Fecha a consultar: 1/9/2026 (ayer)
2026-09-02 13:36:02,162 [INFO] Iniciando navegador Chromium...
2026-09-02 13:36:10,164 [INFO] Abriendo login: https://appweb.asfi.gob.bo/SCIP/Login.aspx?ReturnUrl=%2fSCIP%2fmControlPlazos%2fControlPlazos.aspx
2026-09-02 13:36:15,548 [INFO] Ingresando credenciales...
2026-09-02 13:36:16,324 [INFO] Enviando formulario de login...
2026-09-02 13:36:20,240 [INFO] URL después del login: https://appweb.asfi.gob.bo/SCIP/Default.aspx
2026-09-02 13:36:20,241 [INFO] ✅ Login exitoso
2026-09-02 13:36:20,243 [INFO] Navegando a 'Control de Envios' en el menú principal...
2026-09-02 13:36:22,104 [INFO] URL tras click menú principal: https://appweb.asfi.gob.bo/SCIP/mControlPlazos/Default.aspx
2026-09-02 13:36:22,106 [INFO] Navegando a 'Envios' en el menú lateral...
2026-09-02 13:36:26,228 [INFO] URL tras click menú lateral: https://appweb.asfi.gob.bo/SCIP/mControlPlazos/ControlPlazos.aspx
2026-09-02 13:36:26,229 [INFO] Configurando Fecha Corte Inicial: 1/9/2026
2026-09-02 13:36:28,748 [INFO] Configurando Fecha Corte Final: 1/9/2026
2026-09-02 13:36:31,157 [INFO] Ejecutando búsqueda...
2026-09-02 13:36:36,623 [INFO] Extrayendo datos de la tabla...
2026-09-02 13:36:36,625 [INFO] Procesando página 1 de la tabla...
2026-09-02 13:36:36,730 [INFO]   Filas encontradas en página 1: 9
2026-09-02 13:36:37,138 [INFO] No hay más páginas. Total registros extraídos: 9
2026-09-02 13:36:37,218 [INFO] Navegador cerrado.
2026-09-02 13:36:37,242 [INFO] Validando reportes esperados para 1/9/2026...
2026-09-02 13:36:37,242 [WARNING] ⚠️  Reportes diarios FALTANTES: ['D001-D005 IF - Diario Encaje']
2026-09-02 13:36:37,243 [INFO] [NOTIFICACION] ?? ASFI/SCIP Monitor - 1 reportes FALTANTES: Fecha: 1/9/2026

  ? D001-D005 IF - Diario Encaje
2026-09-02 13:36:37,243 [INFO] [URGENTE] Enviando notificación por múltiples métodos...
2026-09-02 13:36:47,259 [INFO] Resumen: 9 exitosos | 0 pendientes | 0 errores | 1 faltantes
2026-09-02 13:36:47,269 [INFO] Revisión completada. Próxima en 15 min.
2026-09-02 13:51:47,294 [INFO] ============================================================
2026-09-02 13:51:47,296 [INFO] Iniciando revisión: 2026-09-02 13:51:47
2026-09-02 13:51:47,302 [INFO] Fecha a consultar: 1/9/2026 (ayer)
2026-09-02 13:51:48,276 [INFO] Iniciando navegador Chromium...
2026-09-02 13:51:55,993 [INFO] Abriendo login: https://appweb.asfi.gob.bo/SCIP/Login.aspx?ReturnUrl=%2fSCIP%2fmControlPlazos%2fControlPlazos.aspx
2026-09-02 13:52:02,035 [INFO] Ingresando credenciales...
2026-09-02 13:52:02,799 [INFO] Enviando formulario de login...
2026-09-02 13:52:06,769 [INFO] URL después del login: https://appweb.asfi.gob.bo/SCIP/Default.aspx
2026-09-02 13:52:06,771 [INFO] ✅ Login exitoso
2026-09-02 13:52:06,773 [INFO] Navegando a 'Control de Envios' en el menú principal...
2026-09-02 13:52:08,642 [INFO] URL tras click menú principal: https://appweb.asfi.gob.bo/SCIP/mControlPlazos/Default.aspx
2026-09-02 13:52:08,643 [INFO] Navegando a 'Envios' en el menú lateral...
2026-09-02 13:52:12,884 [INFO] URL tras click menú lateral: https://appweb.asfi.gob.bo/SCIP/mControlPlazos/ControlPlazos.aspx
2026-09-02 13:52:12,886 [INFO] Configurando Fecha Corte Inicial: 1/9/2026
2026-09-02 13:52:15,372 [INFO] Configurando Fecha Corte Final: 1/9/2026
2026-09-02 13:52:17,810 [INFO] Ejecutando búsqueda...
2026-09-02 13:52:23,211 [INFO] Extrayendo datos de la tabla...
2026-09-02 13:52:23,211 [INFO] Procesando página 1 de la tabla...
2026-09-02 13:52:23,262 [INFO]   Filas encontradas en página 1: 9
2026-09-02 13:52:23,684 [INFO] No hay más páginas. Total registros extraídos: 9
2026-09-02 13:52:23,761 [INFO] Navegador cerrado.
2026-09-02 13:52:23,778 [INFO] Validando reportes esperados para 1/9/2026...
2026-09-02 13:52:23,779 [WARNING] ⚠️  Reportes diarios FALTANTES: ['D001-D005 IF - Diario Encaje']
2026-09-02 13:52:23,779 [INFO] [NOTIFICACION] ?? ASFI/SCIP Monitor - 1 reportes FALTANTES: Fecha: 1/9/2026

  ? D001-D005 IF - Diario Encaje
2026-09-02 13:52:23,780 [INFO] [URGENTE] Enviando notificación por múltiples métodos...
2026-09-02 13:52:33,799 [INFO] Resumen: 9 exitosos | 0 pendientes | 0 errores | 1 faltantes
2026-09-02 13:52:33,807 [INFO] Revisión completada. Próxima en 15 min.
2026-09-02 14:07:33,831 [INFO] ============================================================
2026-09-02 14:07:33,833 [INFO] Iniciando revisión: 2026-09-02 14:07:33
2026-09-02 14:07:33,839 [INFO] Fecha a consultar: 1/9/2026 (ayer)
2026-09-02 14:07:35,055 [INFO] Iniciando navegador Chromium...
2026-09-02 14:07:43,659 [INFO] Abriendo login: https://appweb.asfi.gob.bo/SCIP/Login.aspx?ReturnUrl=%2fSCIP%2fmControlPlazos%2fControlPlazos.aspx
2026-09-02 14:07:49,290 [INFO] Ingresando credenciales...
2026-09-02 14:07:50,008 [INFO] Enviando formulario de login...
2026-09-02 14:07:53,845 [INFO] URL después del login: https://appweb.asfi.gob.bo/SCIP/Default.aspx
2026-09-02 14:07:53,847 [INFO] ✅ Login exitoso
2026-09-02 14:07:53,849 [INFO] Navegando a 'Control de Envios' en el menú principal...
2026-09-02 14:07:55,706 [INFO] URL tras click menú principal: https://appweb.asfi.gob.bo/SCIP/mControlPlazos/Default.aspx
2026-09-02 14:07:55,707 [INFO] Navegando a 'Envios' en el menú lateral...
2026-09-02 14:08:00,068 [INFO] URL tras click menú lateral: https://appweb.asfi.gob.bo/SCIP/mControlPlazos/ControlPlazos.aspx
2026-09-02 14:08:00,069 [INFO] Configurando Fecha Corte Inicial: 1/9/2026
2026-09-02 14:08:02,389 [INFO] Configurando Fecha Corte Final: 1/9/2026
2026-09-02 14:08:04,767 [INFO] Ejecutando búsqueda...
2026-09-02 14:08:10,286 [INFO] Extrayendo datos de la tabla...
2026-09-02 14:08:10,287 [INFO] Procesando página 1 de la tabla...
2026-09-02 14:08:10,407 [INFO]   Filas encontradas en página 1: 9
2026-09-02 14:08:10,816 [INFO] No hay más páginas. Total registros extraídos: 9
2026-09-02 14:08:10,897 [INFO] Navegador cerrado.
2026-09-02 14:08:10,919 [INFO] Validando reportes esperados para 1/9/2026...
2026-09-02 14:08:10,920 [WARNING] ⚠️  Reportes diarios FALTANTES: ['D001-D005 IF - Diario Encaje']
2026-09-02 14:08:10,921 [INFO] [NOTIFICACION] ?? ASFI/SCIP Monitor - 1 reportes FALTANTES: Fecha: 1/9/2026

  ? D001-D005 IF - Diario Encaje
2026-09-02 14:08:10,921 [INFO] [URGENTE] Enviando notificación por múltiples métodos...
2026-09-02 14:08:20,943 [INFO] Resumen: 9 exitosos | 0 pendientes | 0 errores | 1 faltantes
2026-09-02 14:08:20,946 [INFO] Revisión completada. Próxima en 15 min.
2026-09-02 14:23:20,967 [INFO] ============================================================
2026-09-02 14:23:20,969 [INFO] Iniciando revisión: 2026-09-02 14:23:20
2026-09-02 14:23:20,979 [INFO] Fecha a consultar: 1/9/2026 (ayer)
2026-09-02 14:23:21,955 [INFO] Iniciando navegador Chromium...
2026-09-02 14:23:29,629 [INFO] Abriendo login: https://appweb.asfi.gob.bo/SCIP/Login.aspx?ReturnUrl=%2fSCIP%2fmControlPlazos%2fControlPlazos.aspx
2026-09-02 14:23:35,676 [INFO] Ingresando credenciales...
2026-09-02 14:23:36,437 [INFO] Enviando formulario de login...
2026-09-02 14:23:40,344 [INFO] URL después del login: https://appweb.asfi.gob.bo/SCIP/Default.aspx
2026-09-02 14:23:40,346 [INFO] ✅ Login exitoso
2026-09-02 14:23:40,350 [INFO] Navegando a 'Control de Envios' en el menú principal...
2026-09-02 14:23:42,194 [INFO] URL tras click menú principal: https://appweb.asfi.gob.bo/SCIP/mControlPlazos/Default.aspx
2026-09-02 14:23:42,196 [INFO] Navegando a 'Envios' en el menú lateral...
2026-09-02 14:23:46,602 [INFO] URL tras click menú lateral: https://appweb.asfi.gob.bo/SCIP/mControlPlazos/ControlPlazos.aspx
2026-09-02 14:23:46,603 [INFO] Configurando Fecha Corte Inicial: 1/9/2026
2026-09-02 14:23:49,053 [INFO] Configurando Fecha Corte Final: 1/9/2026
2026-09-02 14:23:51,445 [INFO] Ejecutando búsqueda...
2026-09-02 14:23:56,849 [INFO] Extrayendo datos de la tabla...
2026-09-02 14:23:56,851 [INFO] Procesando página 1 de la tabla...
2026-09-02 14:23:56,965 [INFO]   Filas encontradas en página 1: 9
2026-09-02 14:23:57,368 [INFO] No hay más páginas. Total registros extraídos: 9
2026-09-02 14:23:57,441 [INFO] Navegador cerrado.
2026-09-02 14:23:57,458 [INFO] Validando reportes esperados para 1/9/2026...
2026-09-02 14:23:57,459 [WARNING] ⚠️  Reportes diarios FALTANTES: ['D001-D005 IF - Diario Encaje']
2026-09-02 14:23:57,459 [INFO] [NOTIFICACION] ?? ASFI/SCIP Monitor - 1 reportes FALTANTES: Fecha: 1/9/2026

  ? D001-D005 IF - Diario Encaje
2026-09-02 14:23:57,460 [INFO] [URGENTE] Enviando notificación por múltiples métodos...
2026-09-02 14:24:07,479 [INFO] Resumen: 9 exitosos | 0 pendientes | 0 errores | 1 faltantes
2026-09-02 14:24:07,489 [INFO] Revisión completada. Próxima en 15 min.
2026-09-02 14:39:07,509 [INFO] ============================================================
2026-09-02 14:39:07,511 [INFO] Iniciando revisión: 2026-09-02 14:39:07
2026-09-02 14:39:07,517 [INFO] Fecha a consultar: 1/9/2026 (ayer)
2026-09-02 14:39:08,734 [INFO] Iniciando navegador Chromium...
2026-09-02 14:39:17,710 [INFO] Abriendo login: https://appweb.asfi.gob.bo/SCIP/Login.aspx?ReturnUrl=%2fSCIP%2fmControlPlazos%2fControlPlazos.aspx
2026-09-02 14:39:23,541 [INFO] Ingresando credenciales...
2026-09-02 14:39:24,317 [INFO] Enviando formulario de login...
2026-09-02 14:39:28,519 [INFO] URL después del login: https://appweb.asfi.gob.bo/SCIP/Default.aspx
2026-09-02 14:39:28,520 [INFO] ✅ Login exitoso
2026-09-02 14:39:28,523 [INFO] Navegando a 'Control de Envios' en el menú principal...
2026-09-02 14:39:30,336 [INFO] URL tras click menú principal: https://appweb.asfi.gob.bo/SCIP/mControlPlazos/Default.aspx
2026-09-02 14:39:30,338 [INFO] Navegando a 'Envios' en el menú lateral...
2026-09-02 14:39:34,355 [INFO] URL tras click menú lateral: https://appweb.asfi.gob.bo/SCIP/mControlPlazos/ControlPlazos.aspx
2026-09-02 14:39:34,357 [INFO] Configurando Fecha Corte Inicial: 1/9/2026
2026-09-02 14:39:36,835 [INFO] Configurando Fecha Corte Final: 1/9/2026
2026-09-02 14:39:39,270 [INFO] Ejecutando búsqueda...
2026-09-02 14:39:44,727 [INFO] Extrayendo datos de la tabla...
2026-09-02 14:39:44,728 [INFO] Procesando página 1 de la tabla...
2026-09-02 14:39:44,821 [INFO]   Filas encontradas en página 1: 9
2026-09-02 14:39:45,240 [INFO] No hay más páginas. Total registros extraídos: 9
2026-09-02 14:39:45,326 [INFO] Navegador cerrado.
2026-09-02 14:39:45,358 [INFO] Validando reportes esperados para 1/9/2026...
2026-09-02 14:39:45,358 [WARNING] ⚠️  Reportes diarios FALTANTES: ['D001-D005 IF - Diario Encaje']
2026-09-02 14:39:45,359 [INFO] [NOTIFICACION] ?? ASFI/SCIP Monitor - 1 reportes FALTANTES: Fecha: 1/9/2026

  ? D001-D005 IF - Diario Encaje
2026-09-02 14:39:45,359 [INFO] [URGENTE] Enviando notificación por múltiples métodos...
2026-09-02 14:39:55,370 [INFO] Resumen: 9 exitosos | 0 pendientes | 0 errores | 1 faltantes
2026-09-02 14:39:55,379 [INFO] Revisión completada. Próxima en 15 min.
2026-09-02 14:54:55,415 [INFO] ============================================================
2026-09-02 14:54:55,418 [INFO] Iniciando revisión: 2026-09-02 14:54:55
2026-09-02 14:54:55,428 [INFO] Fecha a consultar: 1/9/2026 (ayer)
2026-09-02 14:54:56,414 [INFO] Iniciando navegador Chromium...
2026-09-02 14:55:04,798 [INFO] Abriendo login: https://appweb.asfi.gob.bo/SCIP/Login.aspx?ReturnUrl=%2fSCIP%2fmControlPlazos%2fControlPlazos.aspx
2026-09-02 14:55:10,567 [INFO] Ingresando credenciales...
2026-09-02 14:55:11,363 [INFO] Enviando formulario de login...
2026-09-02 14:55:15,153 [INFO] URL después del login: https://appweb.asfi.gob.bo/SCIP/Default.aspx
2026-09-02 14:55:15,154 [INFO] ✅ Login exitoso
2026-09-02 14:55:15,159 [INFO] Navegando a 'Control de Envios' en el menú principal...
2026-09-02 14:55:16,974 [INFO] URL tras click menú principal: https://appweb.asfi.gob.bo/SCIP/mControlPlazos/Default.aspx
2026-09-02 14:55:16,977 [INFO] Navegando a 'Envios' en el menú lateral...
2026-09-02 14:55:21,051 [INFO] URL tras click menú lateral: https://appweb.asfi.gob.bo/SCIP/mControlPlazos/ControlPlazos.aspx
2026-09-02 14:55:21,053 [INFO] Configurando Fecha Corte Inicial: 1/9/2026
2026-09-02 14:55:23,530 [INFO] Configurando Fecha Corte Final: 1/9/2026
2026-09-02 14:55:25,886 [INFO] Ejecutando búsqueda...
2026-09-02 14:55:31,334 [INFO] Extrayendo datos de la tabla...
2026-09-02 14:55:31,336 [INFO] Procesando página 1 de la tabla...
2026-09-02 14:55:31,449 [INFO]   Filas encontradas en página 1: 9
2026-09-02 14:55:31,837 [INFO] No hay más páginas. Total registros extraídos: 9
2026-09-02 14:55:31,923 [INFO] Navegador cerrado.
2026-09-02 14:55:31,944 [INFO] Validando reportes esperados para 1/9/2026...
2026-09-02 14:55:31,944 [WARNING] ⚠️  Reportes diarios FALTANTES: ['D001-D005 IF - Diario Encaje']
2026-09-02 14:55:31,945 [INFO] [NOTIFICACION] ?? ASFI/SCIP Monitor - 1 reportes FALTANTES: Fecha: 1/9/2026

  ? D001-D005 IF - Diario Encaje
2026-09-02 14:55:31,945 [INFO] [URGENTE] Enviando notificación por múltiples métodos...
2026-09-02 14:55:41,960 [INFO] Resumen: 9 exitosos | 0 pendientes | 0 errores | 1 faltantes
2026-09-02 14:55:41,970 [INFO] Revisión completada. Próxima en 15 min.
2026-09-02 15:10:41,992 [INFO] ============================================================
2026-09-02 15:10:41,995 [INFO] Iniciando revisión: 2026-09-02 15:10:41
2026-09-02 15:10:42,000 [INFO] Fecha a consultar: 1/9/2026 (ayer)
2026-09-02 15:10:43,224 [INFO] Iniciando navegador Chromium...
2026-09-02 15:10:51,746 [INFO] Abriendo login: https://appweb.asfi.gob.bo/SCIP/Login.aspx?ReturnUrl=%2fSCIP%2fmControlPlazos%2fControlPlazos.aspx
2026-09-02 15:10:57,177 [INFO] Ingresando credenciales...
2026-09-02 15:10:57,941 [INFO] Enviando formulario de login...
2026-09-02 15:11:01,697 [INFO] URL después del login: https://appweb.asfi.gob.bo/SCIP/Default.aspx
2026-09-02 15:11:01,698 [INFO] ✅ Login exitoso
2026-09-02 15:11:01,700 [INFO] Navegando a 'Control de Envios' en el menú principal...
2026-09-02 15:11:03,571 [INFO] URL tras click menú principal: https://appweb.asfi.gob.bo/SCIP/mControlPlazos/Default.aspx
2026-09-02 15:11:03,572 [INFO] Navegando a 'Envios' en el menú lateral...
2026-09-02 15:11:08,292 [INFO] URL tras click menú lateral: https://appweb.asfi.gob.bo/SCIP/mControlPlazos/ControlPlazos.aspx
2026-09-02 15:11:08,294 [INFO] Configurando Fecha Corte Inicial: 1/9/2026
2026-09-02 15:11:10,799 [INFO] Configurando Fecha Corte Final: 1/9/2026
2026-09-02 15:11:13,190 [INFO] Ejecutando búsqueda...
2026-09-02 15:11:18,633 [INFO] Extrayendo datos de la tabla...
2026-09-02 15:11:18,635 [INFO] Procesando página 1 de la tabla...
2026-09-02 15:11:18,739 [INFO]   Filas encontradas en página 1: 9
2026-09-02 15:11:19,159 [INFO] No hay más páginas. Total registros extraídos: 9
2026-09-02 15:11:19,248 [INFO] Navegador cerrado.
2026-09-02 15:11:19,272 [INFO] Validando reportes esperados para 1/9/2026...
2026-09-02 15:11:19,274 [WARNING] ⚠️  Reportes diarios FALTANTES: ['D001-D005 IF - Diario Encaje']
2026-09-02 15:11:19,274 [INFO] [NOTIFICACION] ?? ASFI/SCIP Monitor - 1 reportes FALTANTES: Fecha: 1/9/2026

  ? D001-D005 IF - Diario Encaje
2026-09-02 15:11:19,274 [INFO] [URGENTE] Enviando notificación por múltiples métodos...
2026-09-02 15:11:29,298 [INFO] Resumen: 9 exitosos | 0 pendientes | 0 errores | 1 faltantes
2026-09-02 15:11:29,308 [INFO] Revisión completada. Próxima en 15 min.
2026-09-02 15:26:29,330 [INFO] ============================================================
2026-09-02 15:26:29,331 [INFO] Iniciando revisión: 2026-09-02 15:26:29
2026-09-02 15:26:29,333 [INFO] Fecha a consultar: 1/9/2026 (ayer)
2026-09-02 15:26:30,285 [INFO] Iniciando navegador Chromium...
2026-09-02 15:26:37,802 [INFO] Abriendo login: https://appweb.asfi.gob.bo/SCIP/Login.aspx?ReturnUrl=%2fSCIP%2fmControlPlazos%2fControlPlazos.aspx
2026-09-02 15:26:43,386 [INFO] Ingresando credenciales...
2026-09-02 15:26:44,146 [INFO] Enviando formulario de login...
2026-09-02 15:26:48,057 [INFO] URL después del login: https://appweb.asfi.gob.bo/SCIP/Default.aspx
2026-09-02 15:26:48,058 [INFO] ✅ Login exitoso
2026-09-02 15:26:48,059 [INFO] Navegando a 'Control de Envios' en el menú principal...
2026-09-02 15:26:49,863 [INFO] URL tras click menú principal: https://appweb.asfi.gob.bo/SCIP/mControlPlazos/Default.aspx
2026-09-02 15:26:49,864 [INFO] Navegando a 'Envios' en el menú lateral...
2026-09-02 15:26:54,663 [INFO] URL tras click menú lateral: https://appweb.asfi.gob.bo/SCIP/mControlPlazos/ControlPlazos.aspx
2026-09-02 15:26:54,664 [INFO] Configurando Fecha Corte Inicial: 1/9/2026
2026-09-02 15:26:57,023 [INFO] Configurando Fecha Corte Final: 1/9/2026
2026-09-02 15:26:59,424 [INFO] Ejecutando búsqueda...
2026-09-02 15:27:05,382 [INFO] Extrayendo datos de la tabla...
2026-09-02 15:27:05,383 [INFO] Procesando página 1 de la tabla...
2026-09-02 15:27:05,456 [INFO]   Filas encontradas en página 1: 9
2026-09-02 15:27:05,864 [INFO] No hay más páginas. Total registros extraídos: 9
2026-09-02 15:27:05,944 [INFO] Navegador cerrado.
2026-09-02 15:27:05,961 [INFO] Validando reportes esperados para 1/9/2026...
2026-09-02 15:27:05,962 [WARNING] ⚠️  Reportes diarios FALTANTES: ['D001-D005 IF - Diario Encaje']
2026-09-02 15:27:05,962 [INFO] [NOTIFICACION] ?? ASFI/SCIP Monitor - 1 reportes FALTANTES: Fecha: 1/9/2026

  ? D001-D005 IF - Diario Encaje
2026-09-02 15:27:05,963 [INFO] [URGENTE] Enviando notificación por múltiples métodos...
2026-09-02 15:27:15,982 [INFO] Resumen: 9 exitosos | 0 pendientes | 0 errores | 1 faltantes
2026-09-02 15:27:15,984 [INFO] Revisión completada. Próxima en 15 min.
2026-09-02 15:42:16,005 [INFO] ============================================================
2026-09-02 15:42:16,006 [INFO] Iniciando revisión: 2026-09-02 15:42:16
2026-09-02 15:42:16,008 [INFO] Fecha a consultar: 1/9/2026 (ayer)
2026-09-02 15:42:17,169 [INFO] Iniciando navegador Chromium...
2026-09-02 15:42:25,240 [INFO] Abriendo login: https://appweb.asfi.gob.bo/SCIP/Login.aspx?ReturnUrl=%2fSCIP%2fmControlPlazos%2fControlPlazos.aspx
2026-09-02 15:42:30,650 [INFO] Ingresando credenciales...
2026-09-02 15:42:31,383 [INFO] Enviando formulario de login...
2026-09-02 15:42:35,224 [INFO] URL después del login: https://appweb.asfi.gob.bo/SCIP/Default.aspx
2026-09-02 15:42:35,225 [INFO] ✅ Login exitoso
2026-09-02 15:42:35,226 [INFO] Navegando a 'Control de Envios' en el menú principal...
2026-09-02 15:42:37,045 [INFO] URL tras click menú principal: https://appweb.asfi.gob.bo/SCIP/mControlPlazos/Default.aspx
2026-09-02 15:42:37,046 [INFO] Navegando a 'Envios' en el menú lateral...
2026-09-02 15:42:41,275 [INFO] URL tras click menú lateral: https://appweb.asfi.gob.bo/SCIP/mControlPlazos/ControlPlazos.aspx
2026-09-02 15:42:41,276 [INFO] Configurando Fecha Corte Inicial: 1/9/2026
2026-09-02 15:42:43,750 [INFO] Configurando Fecha Corte Final: 1/9/2026
2026-09-02 15:42:46,130 [INFO] Ejecutando búsqueda...
2026-09-02 15:42:51,122 [INFO] Extrayendo datos de la tabla...
2026-09-02 15:42:51,123 [INFO] Procesando página 1 de la tabla...
2026-09-02 15:42:51,215 [INFO]   Filas encontradas en página 1: 9
2026-09-02 15:42:51,609 [INFO] No hay más páginas. Total registros extraídos: 9
2026-09-02 15:42:51,692 [INFO] Navegador cerrado.
2026-09-02 15:42:51,715 [INFO] Validando reportes esperados para 1/9/2026...
2026-09-02 15:42:51,715 [WARNING] ⚠️  Reportes diarios FALTANTES: ['D001-D005 IF - Diario Encaje']
2026-09-02 15:42:51,715 [INFO] [NOTIFICACION] ?? ASFI/SCIP Monitor - 1 reportes FALTANTES: Fecha: 1/9/2026

  ? D001-D005 IF - Diario Encaje
2026-09-02 15:42:51,716 [INFO] [URGENTE] Enviando notificación por múltiples métodos...
2026-09-02 15:43:01,747 [INFO] Resumen: 9 exitosos | 0 pendientes | 0 errores | 1 faltantes
2026-09-02 15:43:01,758 [INFO] Revisión completada. Próxima en 15 min.
2026-09-02 15:58:01,789 [INFO] ============================================================
2026-09-02 15:58:01,791 [INFO] Iniciando revisión: 2026-09-02 15:58:01
2026-09-02 15:58:01,794 [INFO] Fecha a consultar: 1/9/2026 (ayer)
2026-09-02 15:58:02,830 [INFO] Iniciando navegador Chromium...
2026-09-02 15:58:10,055 [INFO] Abriendo login: https://appweb.asfi.gob.bo/SCIP/Login.aspx?ReturnUrl=%2fSCIP%2fmControlPlazos%2fControlPlazos.aspx
2026-09-02 15:58:15,496 [INFO] Ingresando credenciales...
2026-09-02 15:58:16,228 [INFO] Enviando formulario de login...
2026-09-02 15:58:20,048 [INFO] URL después del login: https://appweb.asfi.gob.bo/SCIP/Default.aspx
2026-09-02 15:58:20,048 [INFO] ✅ Login exitoso
2026-09-02 15:58:20,050 [INFO] Navegando a 'Control de Envios' en el menú principal...
2026-09-02 15:58:21,946 [INFO] URL tras click menú principal: https://appweb.asfi.gob.bo/SCIP/mControlPlazos/Default.aspx
2026-09-02 15:58:21,947 [INFO] Navegando a 'Envios' en el menú lateral...
2026-09-02 15:58:26,186 [INFO] URL tras click menú lateral: https://appweb.asfi.gob.bo/SCIP/mControlPlazos/ControlPlazos.aspx
2026-09-02 15:58:26,187 [INFO] Configurando Fecha Corte Inicial: 1/9/2026
2026-09-02 15:58:28,519 [INFO] Configurando Fecha Corte Final: 1/9/2026
2026-09-02 15:58:30,962 [INFO] Ejecutando búsqueda...
2026-09-02 15:58:36,619 [INFO] Extrayendo datos de la tabla...
2026-09-02 15:58:36,621 [INFO] Procesando página 1 de la tabla...
2026-09-02 15:58:36,731 [INFO]   Filas encontradas en página 1: 10
2026-09-02 15:58:37,162 [INFO] No hay más páginas. Total registros extraídos: 10
2026-09-02 15:58:37,244 [INFO] Navegador cerrado.
2026-09-02 15:58:37,269 [INFO] Validando reportes esperados para 1/9/2026...
2026-09-02 15:58:37,269 [INFO] Resumen: 10 exitosos | 0 pendientes | 0 errores | 0 faltantes
2026-09-02 15:58:37,271 [INFO] Revisión completada. Próxima en 15 min.
2026-09-02 16:13:37,288 [INFO] ============================================================
2026-09-02 16:13:37,289 [INFO] Iniciando revisión: 2026-09-02 16:13:37
2026-09-02 16:13:37,292 [INFO] Fecha a consultar: 1/9/2026 (ayer)
2026-09-02 16:13:38,440 [INFO] Iniciando navegador Chromium...
2026-09-02 16:13:46,817 [INFO] Abriendo login: https://appweb.asfi.gob.bo/SCIP/Login.aspx?ReturnUrl=%2fSCIP%2fmControlPlazos%2fControlPlazos.aspx
2026-09-02 16:13:52,294 [INFO] Ingresando credenciales...
2026-09-02 16:13:53,029 [INFO] Enviando formulario de login...
2026-09-02 16:13:57,132 [INFO] URL después del login: https://appweb.asfi.gob.bo/SCIP/Default.aspx
2026-09-02 16:13:57,133 [INFO] ✅ Login exitoso
2026-09-02 16:13:57,135 [INFO] Navegando a 'Control de Envios' en el menú principal...
2026-09-02 16:13:58,997 [INFO] URL tras click menú principal: https://appweb.asfi.gob.bo/SCIP/mControlPlazos/Default.aspx
2026-09-02 16:13:58,999 [INFO] Navegando a 'Envios' en el menú lateral...
2026-09-02 16:14:03,140 [INFO] URL tras click menú lateral: https://appweb.asfi.gob.bo/SCIP/mControlPlazos/ControlPlazos.aspx
2026-09-02 16:14:03,142 [INFO] Configurando Fecha Corte Inicial: 1/9/2026
2026-09-02 16:14:05,646 [INFO] Configurando Fecha Corte Final: 1/9/2026
2026-09-02 16:14:07,980 [INFO] Ejecutando búsqueda...
2026-09-02 16:14:12,752 [INFO] Extrayendo datos de la tabla...
2026-09-02 16:14:12,753 [INFO] Procesando página 1 de la tabla...
2026-09-02 16:14:12,840 [INFO]   Filas encontradas en página 1: 10
2026-09-02 16:14:13,320 [INFO] No hay más páginas. Total registros extraídos: 10
2026-09-02 16:14:13,403 [INFO] Navegador cerrado.
2026-09-02 16:14:13,427 [INFO] Validando reportes esperados para 1/9/2026...
2026-09-02 16:14:13,427 [INFO] Resumen: 10 exitosos | 0 pendientes | 0 errores | 0 faltantes
2026-09-02 16:14:13,430 [INFO] Revisión completada. Próxima en 15 min.
